region,raw_role_title,global_role_id,standardized_role,normalized_skills,semantic_skill_hints,role_match_details,core_skill_overlap,local_education_level,confidence_score,confidence_tier,cross_market_matches,economic_signals,semantic_matching_status,explanation
US,Junior Data Analyst,GR-DATA-001,Data Analyst – Entry,"[""Excel"", ""SQL"", ""Python"", ""Dashboarding""]",[],"[{""role_id"": ""GR-DATA-001"", ""role_title"": ""Data Analyst"", ""role_level"": ""Entry"", ""signal_score"": 4, ""semantic_score"": 0.6866, ""hybrid_score"": 6.403, ""match_basis"": ""hybrid_rule_and_semantic""}]",3,Bachelor's Degree,99,High,"[{""region"": ""Ghana"", ""equivalent_role"": ""MIS / Reporting Analyst (banking, telco)""}, {""region"": ""Nigeria"", ""equivalent_role"": ""Insights Analyst (fintech, NGO M&E)""}, {""region"": ""Philippines"", ""equivalent_role"": ""MIS Specialist / Reports Analyst (shared services)""}]",,"{""enabled"": true, ""package_installed"": true, ""model_name"": ""sentence-transformers/paraphrase-multilingual-MiniLM-L12-v2"", ""model_loaded"": true, ""load_attempted"": true, ""load_error"": null, ""offline_mode"": false, ""role_threshold"": 0.32, ""fallback_threshold"": 0.24, ""skill_threshold"": 0.36, ""similarity_weight"": 3.5}","Mapped because matched 4 role signal(s) for Data Analyst; detected skill terms: excel, sql, python, pandas, tableau; 3/4 core skill(s) present."
US,Numbers Guy / Reporting,GR-DATA-001,Data Analyst – Entry,"[""Excel"", ""SQL"", ""CRM""]",[],"[{""role_id"": ""GR-DATA-001"", ""role_title"": ""Data Analyst"", ""role_level"": ""Entry"", ""signal_score"": 1, ""semantic_score"": 0.3988, ""hybrid_score"": 2.3959, ""match_basis"": ""hybrid_rule_and_semantic""}]",2,Associate's Degree,75,Medium,"[{""region"": ""Ghana"", ""equivalent_role"": ""MIS / Reporting Analyst (banking, telco)""}, {""region"": ""Nigeria"", ""equivalent_role"": ""Insights Analyst (fintech, NGO M&E)""}, {""region"": ""Philippines"", ""equivalent_role"": ""MIS Specialist / Reports Analyst (shared services)""}]",,"{""enabled"": true, ""package_installed"": true, ""model_name"": ""sentence-transformers/paraphrase-multilingual-MiniLM-L12-v2"", ""model_loaded"": true, ""load_attempted"": true, ""load_error"": null, ""offline_mode"": false, ""role_threshold"": 0.32, ""fallback_threshold"": 0.24, ""skill_threshold"": 0.36, ""similarity_weight"": 3.5}","Mapped because matched 1 role signal(s) for Data Analyst; detected skill terms: excel, sql, salesforce; 2/4 core skill(s) present."
US,BI Analyst I,GR-DATA-001,Data Analyst – Entry,"[""SQL"", ""Dashboarding"", ""ETL/Pipelines"", ""Statistical Modeling""]","[{""canonical_skill"": ""Excel"", ""semantic_score"": 0.3639, ""example_phrases"": [""excel"", ""vlookup"", ""pivot"", ""spreadsheet"", ""googlesheets""]}]","[{""role_id"": ""GR-DATA-001"", ""role_title"": ""Data Analyst"", ""role_level"": ""Entry"", ""signal_score"": 4, ""semantic_score"": 0.5666, ""hybrid_score"": 5.9832, ""match_basis"": ""hybrid_rule_and_semantic""}]",2,Bachelor's Degree,96,High,"[{""region"": ""Ghana"", ""equivalent_role"": ""MIS / Reporting Analyst (banking, telco)""}, {""region"": ""Nigeria"", ""equivalent_role"": ""Insights Analyst (fintech, NGO M&E)""}, {""region"": ""Philippines"", ""equivalent_role"": ""MIS Specialist / Reports Analyst (shared services)""}]",,"{""enabled"": true, ""package_installed"": true, ""model_name"": ""sentence-transformers/paraphrase-multilingual-MiniLM-L12-v2"", ""model_loaded"": true, ""load_attempted"": true, ""load_error"": null, ""offline_mode"": false, ""role_threshold"": 0.32, ""fallback_threshold"": 0.24, ""skill_threshold"": 0.36, ""similarity_weight"": 3.5}","Mapped because matched 4 role signal(s) for Data Analyst; detected skill terms: sql, power bi, dashboard, dbt, etl...; 2/4 core skill(s) present."
US,Financial Analyst - Entry,GR-FIN-001,Finance Operations Associate – Entry,"[""Excel"", ""Accounting Software"", ""Financial Modeling""]",[],"[{""role_id"": ""GR-FIN-001"", ""role_title"": ""Finance Operations Associate"", ""role_level"": ""Entry"", ""signal_score"": 2, ""semantic_score"": 0.5154, ""hybrid_score"": 3.8039, ""match_basis"": ""hybrid_rule_and_semantic""}]",2,Bachelor's Degree (Finance),83,Medium,"[{""region"": ""Ghana"", ""equivalent_role"": ""Account Officer (Tally/Sage)""}, {""region"": ""Nigeria"", ""equivalent_role"": ""Account Officer / Banking ops""}, {""region"": ""Philippines"", ""equivalent_role"": ""Junior Accountant (QuickBooks/Xero)""}]",,"{""enabled"": true, ""package_installed"": true, ""model_name"": ""sentence-transformers/paraphrase-multilingual-MiniLM-L12-v2"", ""model_loaded"": true, ""load_attempted"": true, ""load_error"": null, ""offline_mode"": false, ""role_threshold"": 0.32, ""fallback_threshold"": 0.24, ""skill_threshold"": 0.36, ""similarity_weight"": 3.5}","Mapped because matched 2 role signal(s) for Finance Operations Associate; detected skill terms: excel, netsuite, fp&a, modeling, variance; 2/4 core skill(s) present."
US,Operations Data Coordinator,GR-OPS-001,Operations Data Coordinator – Entry,"[""Excel"", ""Python""]","[{""canonical_skill"": ""Process Documentation"", ""semantic_score"": 0.4081, ""example_phrases"": [""order logs"", ""order tracking""]}]","[{""role_id"": ""GR-OPS-001"", ""role_title"": ""Operations Data Coordinator"", ""role_level"": ""Entry"", ""signal_score"": 1, ""semantic_score"": 0.5978, ""hybrid_score"": 3.0921, ""match_basis"": ""hybrid_rule_and_semantic""}]",1,GED + some college,64,Low,"[{""region"": ""Ghana"", ""equivalent_role"": ""Operations clerk / NGO data entry""}, {""region"": ""Nigeria"", ""equivalent_role"": ""OND-track operations clerk / NGO M&E""}, {""region"": ""Philippines"", ""equivalent_role"": ""Encoder / barangay clerical / shared services""}]",,"{""enabled"": true, ""package_installed"": true, ""model_name"": ""sentence-transformers/paraphrase-multilingual-MiniLM-L12-v2"", ""model_loaded"": true, ""load_attempted"": true, ""load_error"": null, ""offline_mode"": false, ""role_threshold"": 0.32, ""fallback_threshold"": 0.24, ""skill_threshold"": 0.36, ""similarity_weight"": 3.5}","Mapped because matched 1 role signal(s) for Operations Data Coordinator; detected skill terms: googlesheets, python; 1/4 core skill(s) present."
US,Marketing Insights Associate,GR-DATA-001,Data Analyst – Entry,"[""SQL"", ""Dashboarding"", ""Product Analytics""]",[],"[{""role_id"": ""GR-DATA-001"", ""role_title"": ""Data Analyst"", ""role_level"": ""Entry"", ""signal_score"": 5, ""semantic_score"": 0.4657, ""hybrid_score"": 6.63, ""match_basis"": ""hybrid_rule_and_semantic""}]",2,Bachelor's Degree,91,High,"[{""region"": ""Ghana"", ""equivalent_role"": ""MIS / Reporting Analyst (banking, telco)""}, {""region"": ""Nigeria"", ""equivalent_role"": ""Insights Analyst (fintech, NGO M&E)""}, {""region"": ""Philippines"", ""equivalent_role"": ""MIS Specialist / Reports Analyst (shared services)""}]",,"{""enabled"": true, ""package_installed"": true, ""model_name"": ""sentence-transformers/paraphrase-multilingual-MiniLM-L12-v2"", ""model_loaded"": true, ""load_attempted"": true, ""load_error"": null, ""offline_mode"": false, ""role_threshold"": 0.32, ""fallback_threshold"": 0.24, ""skill_threshold"": 0.36, ""similarity_weight"": 3.5}","Mapped because matched 5 role signal(s) for Data Analyst; detected skill terms: sql, bigquery, looker, ga4, segment; 2/4 core skill(s) present."
US,Sales Ops Analyst,GR-DATA-001,Data Analyst – Entry,"[""Excel"", ""SQL"", ""Financial Modeling"", ""CRM""]",[],"[{""role_id"": ""GR-DATA-001"", ""role_title"": ""Data Analyst"", ""role_level"": ""Entry"", ""signal_score"": 1, ""semantic_score"": 0.4815, ""hybrid_score"": 2.6851, ""match_basis"": ""hybrid_rule_and_semantic""}]",2,Bachelor's Degree,80,Medium,"[{""region"": ""Ghana"", ""equivalent_role"": ""MIS / Reporting Analyst (banking, telco)""}, {""region"": ""Nigeria"", ""equivalent_role"": ""Insights Analyst (fintech, NGO M&E)""}, {""region"": ""Philippines"", ""equivalent_role"": ""MIS Specialist / Reports Analyst (shared services)""}]",,"{""enabled"": true, ""package_installed"": true, ""model_name"": ""sentence-transformers/paraphrase-multilingual-MiniLM-L12-v2"", ""model_loaded"": true, ""load_attempted"": true, ""load_error"": null, ""offline_mode"": false, ""role_threshold"": 0.32, ""fallback_threshold"": 0.24, ""skill_threshold"": 0.36, ""similarity_weight"": 3.5}","Mapped because matched 1 role signal(s) for Data Analyst; detected skill terms: excel, sql, snowflake, modeling, salesforce...; 2/4 core skill(s) present."
US,Quant Research Intern,GR-DATA-001,Data Analyst – Entry,"[""Python"", ""R"", ""Financial Modeling"", ""Statistical Modeling""]",[],"[{""role_id"": ""GR-DATA-001"", ""role_title"": ""Data Analyst"", ""role_level"": ""Entry"", ""signal_score"": 0, ""semantic_score"": 0.42, ""hybrid_score"": 1.4699, ""match_basis"": ""semantic_only""}]",0,MS in progress,60,Low,"[{""region"": ""Ghana"", ""equivalent_role"": ""MIS / Reporting Analyst (banking, telco)""}, {""region"": ""Nigeria"", ""equivalent_role"": ""Insights Analyst (fintech, NGO M&E)""}, {""region"": ""Philippines"", ""equivalent_role"": ""MIS Specialist / Reports Analyst (shared services)""}]",,"{""enabled"": true, ""package_installed"": true, ""model_name"": ""sentence-transformers/paraphrase-multilingual-MiniLM-L12-v2"", ""model_loaded"": true, ""load_attempted"": true, ""load_error"": null, ""offline_mode"": false, ""role_threshold"": 0.32, ""fallback_threshold"": 0.24, ""skill_threshold"": 0.36, ""similarity_weight"": 3.5}","Mapped because detected skill terms: python, jupyter, r, modeling, statistical."
US,Bookkeeper / Office Admin,GR-FIN-001,Finance Operations Associate – Entry,"[""Excel"", ""Accounting Software""]",[],"[{""role_id"": ""GR-FIN-001"", ""role_title"": ""Finance Operations Associate"", ""role_level"": ""Entry"", ""signal_score"": 3, ""semantic_score"": 0.5509, ""hybrid_score"": 4.9281, ""match_basis"": ""hybrid_rule_and_semantic""}]",2,High School Diploma,86,High,"[{""region"": ""Ghana"", ""equivalent_role"": ""Account Officer (Tally/Sage)""}, {""region"": ""Nigeria"", ""equivalent_role"": ""Account Officer / Banking ops""}, {""region"": ""Philippines"", ""equivalent_role"": ""Junior Accountant (QuickBooks/Xero)""}]",,"{""enabled"": true, ""package_installed"": true, ""model_name"": ""sentence-transformers/paraphrase-multilingual-MiniLM-L12-v2"", ""model_loaded"": true, ""load_attempted"": true, ""load_error"": null, ""offline_mode"": false, ""role_threshold"": 0.32, ""fallback_threshold"": 0.24, ""skill_threshold"": 0.36, ""similarity_weight"": 3.5}","Mapped because matched 3 role signal(s) for Finance Operations Associate; detected skill terms: excel, quickbooks; 2/4 core skill(s) present."
US,Data Engineer Jr,GR-DATA-001,Data Analyst – Entry,"[""SQL"", ""Python"", ""ETL/Pipelines""]","[{""canonical_skill"": ""Excel"", ""semantic_score"": 0.3783, ""example_phrases"": [""excel"", ""vlookup"", ""pivot"", ""spreadsheet"", ""googlesheets""]}]","[{""role_id"": ""GR-DATA-001"", ""role_title"": ""Data Analyst"", ""role_level"": ""Entry"", ""signal_score"": 1, ""semantic_score"": 0.6007, ""hybrid_score"": 3.1026, ""match_basis"": ""hybrid_rule_and_semantic""}]",1,Bachelor's Degree (CS),69,Medium,"[{""region"": ""Ghana"", ""equivalent_role"": ""MIS / Reporting Analyst (banking, telco)""}, {""region"": ""Nigeria"", ""equivalent_role"": ""Insights Analyst (fintech, NGO M&E)""}, {""region"": ""Philippines"", ""equivalent_role"": ""MIS Specialist / Reports Analyst (shared services)""}]",,"{""enabled"": true, ""package_installed"": true, ""model_name"": ""sentence-transformers/paraphrase-multilingual-MiniLM-L12-v2"", ""model_loaded"": true, ""load_attempted"": true, ""load_error"": null, ""offline_mode"": false, ""role_threshold"": 0.32, ""fallback_threshold"": 0.24, ""skill_threshold"": 0.36, ""similarity_weight"": 3.5}","Mapped because matched 1 role signal(s) for Data Analyst; detected skill terms: sql, snowflake, python, airflow, dbt; 1/4 core skill(s) present."
Nigeria,MIS Executive,GR-DATA-001,Data Analyst – Entry,"[""Excel"", ""SQL"", ""Dashboarding"", ""Accounting Software""]",[],"[{""role_id"": ""GR-DATA-001"", ""role_title"": ""Data Analyst"", ""role_level"": ""Entry"", ""signal_score"": 4, ""semantic_score"": 0.5192, ""hybrid_score"": 5.817, ""match_basis"": ""hybrid_rule_and_semantic""}]",3,B.Sc / HND,99,High,"[{""region"": ""Ghana"", ""equivalent_role"": ""MIS / Reporting Analyst (banking, telco)""}, {""region"": ""Philippines"", ""equivalent_role"": ""MIS Specialist / Reports Analyst (shared services)""}]","{""country_context"": ""Nigeria"", ""sector"": ""Information & Analytics"", ""standardized_role"": ""Data Analyst"", ""wage_floor_proxy_usd_month"": 250.0, ""automation_exposure_score"": 0.55, ""youth_neet_rate_pct"": 11.909, ""internet_penetration_pct"": 41.21139908, ""youth_literacy_rate_pct"": 81.3600006103516, ""informal_employment_pct"": NaN, ""youth_unemployment_signal"": ""Nigeria youth NEET 11.91% (World Bank API / ILOSTAT LFS, 2024)"", ""sector_growth_signal"": ""Junior analytics demand is growing unevenly through fintech, shared services, and formal employers."", ""digital_readiness_signal"": ""Internet use 41.21% of population (World Bank API / ITU, 2024); device and bandwidth constraints remain uneven by locality"", ""education_quality_signal"": ""Youth literacy 81.36% (World Bank API / UNESCO UIS, 2024); credentials still under-signal practical competencies"", ""informality_signal"": ""Entry analytics pathways are largely formal and degree-filtered."", ""value_type"": ""mixed_real_api_and_benchmark"", ""source_dataset"": ""World Bank API (ILOSTAT LFS / ITU / UNESCO UIS) / Frey-Osborne / ILOSTAT Earnings API"", ""source_url_or_note"": ""NEET 11.909 (2024): https://api.worldbank.org/v2/country/NG/indicator/SL.UEM.NEET.ZS?format=json | Internet 41.21139908 (2024): https://api.worldbank.org/v2/country/NG/indicator/IT.NET.USER.ZS?format=json | Youth literacy 81.3600006103516 (2024): https://api.worldbank.org/v2/country/NG/indicator/SE.ADT.1524.LT.ZS?format=json | Automation benchmark: Frey & Osborne (2017) | ILOSTAT min wage 43.950 (Currency: U.S. dollars, 2024) | ILOSTAT occupation earnings 51.260 [Occupation (ISCO-08): 2. Professionals] (Currency: U.S. dollars, 2024) | ILOSTAT min wage 43.950 (Currency: U.S. dollars, 2024) | ILOSTAT occupation earnings 51.260 [Occupation (ISCO-08): 2. Professionals] (Currency: U.S. dollars, 2024)"", ""year"": 2024, ""data_quality_flag"": ""real_country_indicators_plus_direct_ilostat_wages_plus_role_benchmarks"", ""official_country_min_wage_value"": 43.95, ""official_country_min_wage_currency"": ""Currency: U.S. dollars"", ""official_country_min_wage_year"": 2024.0, ""official_country_min_wage_note"": ""Type of minimum wage: Singular national minimum wage | Currency: NGA - Naira (NGN)"", ""official_country_min_wage_source"": ""ADM - Labour legislation"", ""official_country_min_wage_source_url"": ""https://rplumber.ilo.org/data/indicator?id=EAR_INEE_CUR_NB_A&lang=en&type=label&latestyear=TRUE&format=.csv&channel=ilostat"", ""official_occupation_monthly_earnings_value"": 51.26, ""official_occupation_monthly_earnings_currency"": ""Currency: U.S. dollars"", ""official_occupation_monthly_earnings_year"": 2024.0, ""official_occupation_group"": ""Occupation (ISCO-08): 2. Professionals"", ""official_occupation_quality_note"": ""direct_major_group_usd"", ""official_occupation_note"": ""Currency: NGA - Naira (NGN)"", ""official_occupation_source"": ""HS - General Household Survey"", ""official_occupation_source_url"": ""https://rplumber.ilo.org/data/indicator?id=EAR_EMTA_SEX_OCU_CUR_NB_A&lang=en&type=label&latestyear=TRUE&format=.csv&channel=ilostat""}","{""enabled"": true, ""package_installed"": true, ""model_name"": ""sentence-transformers/paraphrase-multilingual-MiniLM-L12-v2"", ""model_loaded"": true, ""load_attempted"": true, ""load_error"": null, ""offline_mode"": false, ""role_threshold"": 0.32, ""fallback_threshold"": 0.24, ""skill_threshold"": 0.36, ""similarity_weight"": 3.5}","Mapped because matched 4 role signal(s) for Data Analyst; detected skill terms: excel, vlookup, pivot, sql, power bi...; 3/4 core skill(s) present."
Nigeria,Data Analyst (Junior),GR-DATA-001,Data Analyst – Entry,"[""Excel"", ""SQL"", ""Python"", ""Dashboarding""]",[],"[{""role_id"": ""GR-DATA-001"", ""role_title"": ""Data Analyst"", ""role_level"": ""Entry"", ""signal_score"": 4, ""semantic_score"": 0.6483, ""hybrid_score"": 6.2689, ""match_basis"": ""hybrid_rule_and_semantic""}]",3,B.Sc Statistics,99,High,"[{""region"": ""Ghana"", ""equivalent_role"": ""MIS / Reporting Analyst (banking, telco)""}, {""region"": ""Philippines"", ""equivalent_role"": ""MIS Specialist / Reports Analyst (shared services)""}]","{""country_context"": ""Nigeria"", ""sector"": ""Information & Analytics"", ""standardized_role"": ""Data Analyst"", ""wage_floor_proxy_usd_month"": 250.0, ""automation_exposure_score"": 0.55, ""youth_neet_rate_pct"": 11.909, ""internet_penetration_pct"": 41.21139908, ""youth_literacy_rate_pct"": 81.3600006103516, ""informal_employment_pct"": NaN, ""youth_unemployment_signal"": ""Nigeria youth NEET 11.91% (World Bank API / ILOSTAT LFS, 2024)"", ""sector_growth_signal"": ""Junior analytics demand is growing unevenly through fintech, shared services, and formal employers."", ""digital_readiness_signal"": ""Internet use 41.21% of population (World Bank API / ITU, 2024); device and bandwidth constraints remain uneven by locality"", ""education_quality_signal"": ""Youth literacy 81.36% (World Bank API / UNESCO UIS, 2024); credentials still under-signal practical competencies"", ""informality_signal"": ""Entry analytics pathways are largely formal and degree-filtered."", ""value_type"": ""mixed_real_api_and_benchmark"", ""source_dataset"": ""World Bank API (ILOSTAT LFS / ITU / UNESCO UIS) / Frey-Osborne / ILOSTAT Earnings API"", ""source_url_or_note"": ""NEET 11.909 (2024): https://api.worldbank.org/v2/country/NG/indicator/SL.UEM.NEET.ZS?format=json | Internet 41.21139908 (2024): https://api.worldbank.org/v2/country/NG/indicator/IT.NET.USER.ZS?format=json | Youth literacy 81.3600006103516 (2024): https://api.worldbank.org/v2/country/NG/indicator/SE.ADT.1524.LT.ZS?format=json | Automation benchmark: Frey & Osborne (2017) | ILOSTAT min wage 43.950 (Currency: U.S. dollars, 2024) | ILOSTAT occupation earnings 51.260 [Occupation (ISCO-08): 2. Professionals] (Currency: U.S. dollars, 2024) | ILOSTAT min wage 43.950 (Currency: U.S. dollars, 2024) | ILOSTAT occupation earnings 51.260 [Occupation (ISCO-08): 2. Professionals] (Currency: U.S. dollars, 2024)"", ""year"": 2024, ""data_quality_flag"": ""real_country_indicators_plus_direct_ilostat_wages_plus_role_benchmarks"", ""official_country_min_wage_value"": 43.95, ""official_country_min_wage_currency"": ""Currency: U.S. dollars"", ""official_country_min_wage_year"": 2024.0, ""official_country_min_wage_note"": ""Type of minimum wage: Singular national minimum wage | Currency: NGA - Naira (NGN)"", ""official_country_min_wage_source"": ""ADM - Labour legislation"", ""official_country_min_wage_source_url"": ""https://rplumber.ilo.org/data/indicator?id=EAR_INEE_CUR_NB_A&lang=en&type=label&latestyear=TRUE&format=.csv&channel=ilostat"", ""official_occupation_monthly_earnings_value"": 51.26, ""official_occupation_monthly_earnings_currency"": ""Currency: U.S. dollars"", ""official_occupation_monthly_earnings_year"": 2024.0, ""official_occupation_group"": ""Occupation (ISCO-08): 2. Professionals"", ""official_occupation_quality_note"": ""direct_major_group_usd"", ""official_occupation_note"": ""Currency: NGA - Naira (NGN)"", ""official_occupation_source"": ""HS - General Household Survey"", ""official_occupation_source_url"": ""https://rplumber.ilo.org/data/indicator?id=EAR_EMTA_SEX_OCU_CUR_NB_A&lang=en&type=label&latestyear=TRUE&format=.csv&channel=ilostat""}","{""enabled"": true, ""package_installed"": true, ""model_name"": ""sentence-transformers/paraphrase-multilingual-MiniLM-L12-v2"", ""model_loaded"": true, ""load_attempted"": true, ""load_error"": null, ""offline_mode"": false, ""role_threshold"": 0.32, ""fallback_threshold"": 0.24, ""skill_threshold"": 0.36, ""similarity_weight"": 3.5}","Mapped because matched 4 role signal(s) for Data Analyst; detected skill terms: excel, sql, postgres, python, jupyter...; 3/4 core skill(s) present."
Nigeria,Computer Operator,GR-OPS-001,Operations Data Coordinator – Entry,"[""Excel"", ""SQL"", ""Data Entry""]","[{""canonical_skill"": ""Process Documentation"", ""semantic_score"": 0.3967, ""example_phrases"": [""order logs"", ""order tracking""]}]","[{""role_id"": ""GR-OPS-001"", ""role_title"": ""Operations Data Coordinator"", ""role_level"": ""Entry"", ""signal_score"": 2, ""semantic_score"": 0.6006, ""hybrid_score"": 4.1021, ""match_basis"": ""hybrid_rule_and_semantic""}]",2,OND / Polytechnic,83,Medium,"[{""region"": ""Ghana"", ""equivalent_role"": ""Operations clerk / NGO data entry""}, {""region"": ""Philippines"", ""equivalent_role"": ""Encoder / barangay clerical / shared services""}]","{""country_context"": ""Nigeria"", ""sector"": ""Operations"", ""standardized_role"": ""Operations Data Coordinator"", ""wage_floor_proxy_usd_month"": 170.0, ""automation_exposure_score"": 0.81, ""youth_neet_rate_pct"": 11.909, ""internet_penetration_pct"": 41.21139908, ""youth_literacy_rate_pct"": 81.3600006103516, ""informal_employment_pct"": NaN, ""youth_unemployment_signal"": ""Nigeria youth NEET 11.91% (World Bank API / ILOSTAT LFS, 2024)"", ""sector_growth_signal"": ""Admin and records support remains concentrated in urban employers and public-facing services."", ""digital_readiness_signal"": ""Internet use 41.21% of population (World Bank API / ITU, 2024); device and bandwidth constraints remain uneven by locality"", ""education_quality_signal"": ""Youth literacy 81.36% (World Bank API / UNESCO UIS, 2024); credentials still under-signal practical competencies"", ""informality_signal"": ""Entry clerical roles are more formal than microenterprise, but screening still excludes informal youth talent."", ""value_type"": ""mixed_real_api_and_benchmark"", ""source_dataset"": ""World Bank API (ILOSTAT LFS / ITU / UNESCO UIS) / Frey-Osborne / ILOSTAT Earnings API"", ""source_url_or_note"": ""NEET 11.909 (2024): https://api.worldbank.org/v2/country/NG/indicator/SL.UEM.NEET.ZS?format=json | Internet 41.21139908 (2024): https://api.worldbank.org/v2/country/NG/indicator/IT.NET.USER.ZS?format=json | Youth literacy 81.3600006103516 (2024): https://api.worldbank.org/v2/country/NG/indicator/SE.ADT.1524.LT.ZS?format=json | Automation benchmark: Frey & Osborne (2017) | ILOSTAT min wage 43.950 (Currency: U.S. dollars, 2024) | ILOSTAT occupation earnings 49.591 [Occupation (ISCO-08): 4. Clerical support workers] (Currency: U.S. dollars, 2024) | ILOSTAT min wage 43.950 (Currency: U.S. dollars, 2024) | ILOSTAT occupation earnings 49.591 [Occupation (ISCO-08): 4. Clerical support workers] (Currency: U.S. dollars, 2024)"", ""year"": 2024, ""data_quality_flag"": ""real_country_indicators_plus_direct_ilostat_wages_plus_role_benchmarks"", ""official_country_min_wage_value"": 43.95, ""official_country_min_wage_currency"": ""Currency: U.S. dollars"", ""official_country_min_wage_year"": 2024.0, ""official_country_min_wage_note"": ""Type of minimum wage: Singular national minimum wage | Currency: NGA - Naira (NGN)"", ""official_country_min_wage_source"": ""ADM - Labour legislation"", ""official_country_min_wage_source_url"": ""https://rplumber.ilo.org/data/indicator?id=EAR_INEE_CUR_NB_A&lang=en&type=label&latestyear=TRUE&format=.csv&channel=ilostat"", ""official_occupation_monthly_earnings_value"": 49.591, ""official_occupation_monthly_earnings_currency"": ""Currency: U.S. dollars"", ""official_occupation_monthly_earnings_year"": 2024.0, ""official_occupation_group"": ""Occupation (ISCO-08): 4. Clerical support workers"", ""official_occupation_quality_note"": ""direct_major_group_usd"", ""official_occupation_note"": ""Currency: NGA - Naira (NGN)"", ""official_occupation_source"": ""HS - General Household Survey"", ""official_occupation_source_url"": ""https://rplumber.ilo.org/data/indicator?id=EAR_EMTA_SEX_OCU_CUR_NB_A&lang=en&type=label&latestyear=TRUE&format=.csv&channel=ilostat""}","{""enabled"": true, ""package_installed"": true, ""model_name"": ""sentence-transformers/paraphrase-multilingual-MiniLM-L12-v2"", ""model_loaded"": true, ""load_attempted"": true, ""load_error"": null, ""offline_mode"": false, ""role_threshold"": 0.32, ""fallback_threshold"": 0.24, ""skill_threshold"": 0.36, ""similarity_weight"": 3.5}","Mapped because matched 2 role signal(s) for Operations Data Coordinator; detected skill terms: excel, sql, data entry, typing; 2/4 core skill(s) present."
Nigeria,Account Officer / Reporting,GR-FIN-001,Finance Operations Associate – Entry,"[""Excel"", ""Accounting Software""]",[],"[{""role_id"": ""GR-FIN-001"", ""role_title"": ""Finance Operations Associate"", ""role_level"": ""Entry"", ""signal_score"": 4, ""semantic_score"": 0.5311, ""hybrid_score"": 5.8587, ""match_basis"": ""hybrid_rule_and_semantic""}]",2,HND Accounting,86,High,"[{""region"": ""Ghana"", ""equivalent_role"": ""Account Officer (Tally/Sage)""}, {""region"": ""Philippines"", ""equivalent_role"": ""Junior Accountant (QuickBooks/Xero)""}]","{""country_context"": ""Nigeria"", ""sector"": ""Financial Services"", ""standardized_role"": ""Finance Operations Associate"", ""wage_floor_proxy_usd_month"": 210.0, ""automation_exposure_score"": 0.98, ""youth_neet_rate_pct"": 11.909, ""internet_penetration_pct"": 41.21139908, ""youth_literacy_rate_pct"": 81.3600006103516, ""informal_employment_pct"": NaN, ""youth_unemployment_signal"": ""Nigeria youth NEET 11.91% (World Bank API / ILOSTAT LFS, 2024)"", ""sector_growth_signal"": ""Formal finance pathways still exist, but access remains filtered by credentials and software fluency."", ""digital_readiness_signal"": ""Internet use 41.21% of population (World Bank API / ITU, 2024); device and bandwidth constraints remain uneven by locality"", ""education_quality_signal"": ""Youth literacy 81.36% (World Bank API / UNESCO UIS, 2024); credentials still under-signal practical competencies"", ""informality_signal"": ""Finance operations is comparatively formal and strongly credential-screened."", ""value_type"": ""mixed_real_api_and_benchmark"", ""source_dataset"": ""World Bank API (ILOSTAT LFS / ITU / UNESCO UIS) / Frey-Osborne / ILOSTAT Earnings API"", ""source_url_or_note"": ""NEET 11.909 (2024): https://api.worldbank.org/v2/country/NG/indicator/SL.UEM.NEET.ZS?format=json | Internet 41.21139908 (2024): https://api.worldbank.org/v2/country/NG/indicator/IT.NET.USER.ZS?format=json | Youth literacy 81.3600006103516 (2024): https://api.worldbank.org/v2/country/NG/indicator/SE.ADT.1524.LT.ZS?format=json | Automation benchmark: Frey & Osborne (2017) | ILOSTAT min wage 43.950 (Currency: U.S. dollars, 2024) | ILOSTAT occupation earnings 63.413 [Occupation (ISCO-08): 3. Technicians and associate professionals] (Currency: U.S. dollars, 2024) | ILOSTAT min wage 43.950 (Currency: U.S. dollars, 2024) | ILOSTAT occupation earnings 63.413 [Occupation (ISCO-08): 3. Technicians and associate professionals] (Currency: U.S. dollars, 2024)"", ""year"": 2024, ""data_quality_flag"": ""real_country_indicators_plus_direct_ilostat_wages_plus_role_benchmarks"", ""official_country_min_wage_value"": 43.95, ""official_country_min_wage_currency"": ""Currency: U.S. dollars"", ""official_country_min_wage_year"": 2024.0, ""official_country_min_wage_note"": ""Type of minimum wage: Singular national minimum wage | Currency: NGA - Naira (NGN)"", ""official_country_min_wage_source"": ""ADM - Labour legislation"", ""official_country_min_wage_source_url"": ""https://rplumber.ilo.org/data/indicator?id=EAR_INEE_CUR_NB_A&lang=en&type=label&latestyear=TRUE&format=.csv&channel=ilostat"", ""official_occupation_monthly_earnings_value"": 63.413, ""official_occupation_monthly_earnings_currency"": ""Currency: U.S. dollars"", ""official_occupation_monthly_earnings_year"": 2024.0, ""official_occupation_group"": ""Occupation (ISCO-08): 3. Technicians and associate professionals"", ""official_occupation_quality_note"": ""direct_major_group_usd"", ""official_occupation_note"": ""Currency: NGA - Naira (NGN)"", ""official_occupation_source"": ""HS - General Household Survey"", ""official_occupation_source_url"": ""https://rplumber.ilo.org/data/indicator?id=EAR_EMTA_SEX_OCU_CUR_NB_A&lang=en&type=label&latestyear=TRUE&format=.csv&channel=ilostat""}","{""enabled"": true, ""package_installed"": true, ""model_name"": ""sentence-transformers/paraphrase-multilingual-MiniLM-L12-v2"", ""model_loaded"": true, ""load_attempted"": true, ""load_error"": null, ""offline_mode"": false, ""role_threshold"": 0.32, ""fallback_threshold"": 0.24, ""skill_threshold"": 0.36, ""similarity_weight"": 3.5}","Mapped because matched 4 role signal(s) for Finance Operations Associate; detected skill terms: excel, tally, sage; 2/4 core skill(s) present."
Nigeria,Banking Operations Analyst,GR-DATA-001,Data Analyst – Entry,"[""Excel"", ""SQL"", ""Core Banking Systems""]",[],"[{""role_id"": ""GR-DATA-001"", ""role_title"": ""Data Analyst"", ""role_level"": ""Entry"", ""signal_score"": 1, ""semantic_score"": 0.535, ""hybrid_score"": 2.8726, ""match_basis"": ""hybrid_rule_and_semantic""}]",2,B.Sc + ICAN partial,75,Medium,"[{""region"": ""Ghana"", ""equivalent_role"": ""MIS / Reporting Analyst (banking, telco)""}, {""region"": ""Philippines"", ""equivalent_role"": ""MIS Specialist / Reports Analyst (shared services)""}]","{""country_context"": ""Nigeria"", ""sector"": ""Information & Analytics"", ""standardized_role"": ""Data Analyst"", ""wage_floor_proxy_usd_month"": 250.0, ""automation_exposure_score"": 0.55, ""youth_neet_rate_pct"": 11.909, ""internet_penetration_pct"": 41.21139908, ""youth_literacy_rate_pct"": 81.3600006103516, ""informal_employment_pct"": NaN, ""youth_unemployment_signal"": ""Nigeria youth NEET 11.91% (World Bank API / ILOSTAT LFS, 2024)"", ""sector_growth_signal"": ""Junior analytics demand is growing unevenly through fintech, shared services, and formal employers."", ""digital_readiness_signal"": ""Internet use 41.21% of population (World Bank API / ITU, 2024); device and bandwidth constraints remain uneven by locality"", ""education_quality_signal"": ""Youth literacy 81.36% (World Bank API / UNESCO UIS, 2024); credentials still under-signal practical competencies"", ""informality_signal"": ""Entry analytics pathways are largely formal and degree-filtered."", ""value_type"": ""mixed_real_api_and_benchmark"", ""source_dataset"": ""World Bank API (ILOSTAT LFS / ITU / UNESCO UIS) / Frey-Osborne / ILOSTAT Earnings API"", ""source_url_or_note"": ""NEET 11.909 (2024): https://api.worldbank.org/v2/country/NG/indicator/SL.UEM.NEET.ZS?format=json | Internet 41.21139908 (2024): https://api.worldbank.org/v2/country/NG/indicator/IT.NET.USER.ZS?format=json | Youth literacy 81.3600006103516 (2024): https://api.worldbank.org/v2/country/NG/indicator/SE.ADT.1524.LT.ZS?format=json | Automation benchmark: Frey & Osborne (2017) | ILOSTAT min wage 43.950 (Currency: U.S. dollars, 2024) | ILOSTAT occupation earnings 51.260 [Occupation (ISCO-08): 2. Professionals] (Currency: U.S. dollars, 2024) | ILOSTAT min wage 43.950 (Currency: U.S. dollars, 2024) | ILOSTAT occupation earnings 51.260 [Occupation (ISCO-08): 2. Professionals] (Currency: U.S. dollars, 2024)"", ""year"": 2024, ""data_quality_flag"": ""real_country_indicators_plus_direct_ilostat_wages_plus_role_benchmarks"", ""official_country_min_wage_value"": 43.95, ""official_country_min_wage_currency"": ""Currency: U.S. dollars"", ""official_country_min_wage_year"": 2024.0, ""official_country_min_wage_note"": ""Type of minimum wage: Singular national minimum wage | Currency: NGA - Naira (NGN)"", ""official_country_min_wage_source"": ""ADM - Labour legislation"", ""official_country_min_wage_source_url"": ""https://rplumber.ilo.org/data/indicator?id=EAR_INEE_CUR_NB_A&lang=en&type=label&latestyear=TRUE&format=.csv&channel=ilostat"", ""official_occupation_monthly_earnings_value"": 51.26, ""official_occupation_monthly_earnings_currency"": ""Currency: U.S. dollars"", ""official_occupation_monthly_earnings_year"": 2024.0, ""official_occupation_group"": ""Occupation (ISCO-08): 2. Professionals"", ""official_occupation_quality_note"": ""direct_major_group_usd"", ""official_occupation_note"": ""Currency: NGA - Naira (NGN)"", ""official_occupation_source"": ""HS - General Household Survey"", ""official_occupation_source_url"": ""https://rplumber.ilo.org/data/indicator?id=EAR_EMTA_SEX_OCU_CUR_NB_A&lang=en&type=label&latestyear=TRUE&format=.csv&channel=ilostat""}","{""enabled"": true, ""package_installed"": true, ""model_name"": ""sentence-transformers/paraphrase-multilingual-MiniLM-L12-v2"", ""model_loaded"": true, ""load_attempted"": true, ""load_error"": null, ""offline_mode"": false, ""role_threshold"": 0.32, ""fallback_threshold"": 0.24, ""skill_threshold"": 0.36, ""similarity_weight"": 3.5}","Mapped because matched 1 role signal(s) for Data Analyst; detected skill terms: excel, sql, flexcube, finacle; 2/4 core skill(s) present."
Nigeria,Dey Run Reports for Boss,GR-OPS-001,Operations Data Coordinator – Entry,"[""Digital Communication"", ""Excel""]",[],"[{""role_id"": ""GR-OPS-001"", ""role_title"": ""Operations Data Coordinator"", ""role_level"": ""Entry"", ""signal_score"": 0, ""semantic_score"": 0.4767, ""hybrid_score"": 1.6685, ""match_basis"": ""semantic_only""}]",1,WAEC / SSCE,56,Low,"[{""region"": ""Ghana"", ""equivalent_role"": ""Operations clerk / NGO data entry""}, {""region"": ""Philippines"", ""equivalent_role"": ""Encoder / barangay clerical / shared services""}]","{""country_context"": ""Nigeria"", ""sector"": ""Operations"", ""standardized_role"": ""Operations Data Coordinator"", ""wage_floor_proxy_usd_month"": 170.0, ""automation_exposure_score"": 0.81, ""youth_neet_rate_pct"": 11.909, ""internet_penetration_pct"": 41.21139908, ""youth_literacy_rate_pct"": 81.3600006103516, ""informal_employment_pct"": NaN, ""youth_unemployment_signal"": ""Nigeria youth NEET 11.91% (World Bank API / ILOSTAT LFS, 2024)"", ""sector_growth_signal"": ""Admin and records support remains concentrated in urban employers and public-facing services."", ""digital_readiness_signal"": ""Internet use 41.21% of population (World Bank API / ITU, 2024); device and bandwidth constraints remain uneven by locality"", ""education_quality_signal"": ""Youth literacy 81.36% (World Bank API / UNESCO UIS, 2024); credentials still under-signal practical competencies"", ""informality_signal"": ""Entry clerical roles are more formal than microenterprise, but screening still excludes informal youth talent."", ""value_type"": ""mixed_real_api_and_benchmark"", ""source_dataset"": ""World Bank API (ILOSTAT LFS / ITU / UNESCO UIS) / Frey-Osborne / ILOSTAT Earnings API"", ""source_url_or_note"": ""NEET 11.909 (2024): https://api.worldbank.org/v2/country/NG/indicator/SL.UEM.NEET.ZS?format=json | Internet 41.21139908 (2024): https://api.worldbank.org/v2/country/NG/indicator/IT.NET.USER.ZS?format=json | Youth literacy 81.3600006103516 (2024): https://api.worldbank.org/v2/country/NG/indicator/SE.ADT.1524.LT.ZS?format=json | Automation benchmark: Frey & Osborne (2017) | ILOSTAT min wage 43.950 (Currency: U.S. dollars, 2024) | ILOSTAT occupation earnings 49.591 [Occupation (ISCO-08): 4. Clerical support workers] (Currency: U.S. dollars, 2024) | ILOSTAT min wage 43.950 (Currency: U.S. dollars, 2024) | ILOSTAT occupation earnings 49.591 [Occupation (ISCO-08): 4. Clerical support workers] (Currency: U.S. dollars, 2024)"", ""year"": 2024, ""data_quality_flag"": ""real_country_indicators_plus_direct_ilostat_wages_plus_role_benchmarks"", ""official_country_min_wage_value"": 43.95, ""official_country_min_wage_currency"": ""Currency: U.S. dollars"", ""official_country_min_wage_year"": 2024.0, ""official_country_min_wage_note"": ""Type of minimum wage: Singular national minimum wage | Currency: NGA - Naira (NGN)"", ""official_country_min_wage_source"": ""ADM - Labour legislation"", ""official_country_min_wage_source_url"": ""https://rplumber.ilo.org/data/indicator?id=EAR_INEE_CUR_NB_A&lang=en&type=label&latestyear=TRUE&format=.csv&channel=ilostat"", ""official_occupation_monthly_earnings_value"": 49.591, ""official_occupation_monthly_earnings_currency"": ""Currency: U.S. dollars"", ""official_occupation_monthly_earnings_year"": 2024.0, ""official_occupation_group"": ""Occupation (ISCO-08): 4. Clerical support workers"", ""official_occupation_quality_note"": ""direct_major_group_usd"", ""official_occupation_note"": ""Currency: NGA - Naira (NGN)"", ""official_occupation_source"": ""HS - General Household Survey"", ""official_occupation_source_url"": ""https://rplumber.ilo.org/data/indicator?id=EAR_EMTA_SEX_OCU_CUR_NB_A&lang=en&type=label&latestyear=TRUE&format=.csv&channel=ilostat""}","{""enabled"": true, ""package_installed"": true, ""model_name"": ""sentence-transformers/paraphrase-multilingual-MiniLM-L12-v2"", ""model_loaded"": true, ""load_attempted"": true, ""load_error"": null, ""offline_mode"": false, ""role_threshold"": 0.32, ""fallback_threshold"": 0.24, ""skill_threshold"": 0.36, ""similarity_weight"": 3.5}","Mapped because detected skill terms: whatsapp, excel; 1/4 core skill(s) present."
Nigeria,Insights Analyst Fintech,GR-DATA-001,Data Analyst – Entry,"[""SQL"", ""Python"", ""Dashboarding"", ""Product Analytics""]",[],"[{""role_id"": ""GR-DATA-001"", ""role_title"": ""Data Analyst"", ""role_level"": ""Entry"", ""signal_score"": 5, ""semantic_score"": 0.5239, ""hybrid_score"": 6.8338, ""match_basis"": ""hybrid_rule_and_semantic""}]",2,B.Sc + bootcamp cert,96,High,"[{""region"": ""Ghana"", ""equivalent_role"": ""MIS / Reporting Analyst (banking, telco)""}, {""region"": ""Philippines"", ""equivalent_role"": ""MIS Specialist / Reports Analyst (shared services)""}]","{""country_context"": ""Nigeria"", ""sector"": ""Information & Analytics"", ""standardized_role"": ""Data Analyst"", ""wage_floor_proxy_usd_month"": 250.0, ""automation_exposure_score"": 0.55, ""youth_neet_rate_pct"": 11.909, ""internet_penetration_pct"": 41.21139908, ""youth_literacy_rate_pct"": 81.3600006103516, ""informal_employment_pct"": NaN, ""youth_unemployment_signal"": ""Nigeria youth NEET 11.91% (World Bank API / ILOSTAT LFS, 2024)"", ""sector_growth_signal"": ""Junior analytics demand is growing unevenly through fintech, shared services, and formal employers."", ""digital_readiness_signal"": ""Internet use 41.21% of population (World Bank API / ITU, 2024); device and bandwidth constraints remain uneven by locality"", ""education_quality_signal"": ""Youth literacy 81.36% (World Bank API / UNESCO UIS, 2024); credentials still under-signal practical competencies"", ""informality_signal"": ""Entry analytics pathways are largely formal and degree-filtered."", ""value_type"": ""mixed_real_api_and_benchmark"", ""source_dataset"": ""World Bank API (ILOSTAT LFS / ITU / UNESCO UIS) / Frey-Osborne / ILOSTAT Earnings API"", ""source_url_or_note"": ""NEET 11.909 (2024): https://api.worldbank.org/v2/country/NG/indicator/SL.UEM.NEET.ZS?format=json | Internet 41.21139908 (2024): https://api.worldbank.org/v2/country/NG/indicator/IT.NET.USER.ZS?format=json | Youth literacy 81.3600006103516 (2024): https://api.worldbank.org/v2/country/NG/indicator/SE.ADT.1524.LT.ZS?format=json | Automation benchmark: Frey & Osborne (2017) | ILOSTAT min wage 43.950 (Currency: U.S. dollars, 2024) | ILOSTAT occupation earnings 51.260 [Occupation (ISCO-08): 2. Professionals] (Currency: U.S. dollars, 2024) | ILOSTAT min wage 43.950 (Currency: U.S. dollars, 2024) | ILOSTAT occupation earnings 51.260 [Occupation (ISCO-08): 2. Professionals] (Currency: U.S. dollars, 2024)"", ""year"": 2024, ""data_quality_flag"": ""real_country_indicators_plus_direct_ilostat_wages_plus_role_benchmarks"", ""official_country_min_wage_value"": 43.95, ""official_country_min_wage_currency"": ""Currency: U.S. dollars"", ""official_country_min_wage_year"": 2024.0, ""official_country_min_wage_note"": ""Type of minimum wage: Singular national minimum wage | Currency: NGA - Naira (NGN)"", ""official_country_min_wage_source"": ""ADM - Labour legislation"", ""official_country_min_wage_source_url"": ""https://rplumber.ilo.org/data/indicator?id=EAR_INEE_CUR_NB_A&lang=en&type=label&latestyear=TRUE&format=.csv&channel=ilostat"", ""official_occupation_monthly_earnings_value"": 51.26, ""official_occupation_monthly_earnings_currency"": ""Currency: U.S. dollars"", ""official_occupation_monthly_earnings_year"": 2024.0, ""official_occupation_group"": ""Occupation (ISCO-08): 2. Professionals"", ""official_occupation_quality_note"": ""direct_major_group_usd"", ""official_occupation_note"": ""Currency: NGA - Naira (NGN)"", ""official_occupation_source"": ""HS - General Household Survey"", ""official_occupation_source_url"": ""https://rplumber.ilo.org/data/indicator?id=EAR_EMTA_SEX_OCU_CUR_NB_A&lang=en&type=label&latestyear=TRUE&format=.csv&channel=ilostat""}","{""enabled"": true, ""package_installed"": true, ""model_name"": ""sentence-transformers/paraphrase-multilingual-MiniLM-L12-v2"", ""model_loaded"": true, ""load_attempted"": true, ""load_error"": null, ""offline_mode"": false, ""role_threshold"": 0.32, ""fallback_threshold"": 0.24, ""skill_threshold"": 0.36, ""similarity_weight"": 3.5}","Mapped because matched 5 role signal(s) for Data Analyst; detected skill terms: sql, redshift, python, pandas, looker...; 2/4 core skill(s) present."
Nigeria,NYSC Data Intern,GR-DATA-001,Data Analyst – Entry,"[""Excel"", ""SQL"", ""Python"", ""Dashboarding"", ""Survey/M&E Tools""]",[],"[{""role_id"": ""GR-DATA-001"", ""role_title"": ""Data Analyst"", ""role_level"": ""Entry"", ""signal_score"": 3, ""semantic_score"": 0.5805, ""hybrid_score"": 5.0316, ""match_basis"": ""hybrid_rule_and_semantic""}]",3,B.Sc (corper),99,High,"[{""region"": ""Ghana"", ""equivalent_role"": ""MIS / Reporting Analyst (banking, telco)""}, {""region"": ""Philippines"", ""equivalent_role"": ""MIS Specialist / Reports Analyst (shared services)""}]","{""country_context"": ""Nigeria"", ""sector"": ""Information & Analytics"", ""standardized_role"": ""Data Analyst"", ""wage_floor_proxy_usd_month"": 250.0, ""automation_exposure_score"": 0.55, ""youth_neet_rate_pct"": 11.909, ""internet_penetration_pct"": 41.21139908, ""youth_literacy_rate_pct"": 81.3600006103516, ""informal_employment_pct"": NaN, ""youth_unemployment_signal"": ""Nigeria youth NEET 11.91% (World Bank API / ILOSTAT LFS, 2024)"", ""sector_growth_signal"": ""Junior analytics demand is growing unevenly through fintech, shared services, and formal employers."", ""digital_readiness_signal"": ""Internet use 41.21% of population (World Bank API / ITU, 2024); device and bandwidth constraints remain uneven by locality"", ""education_quality_signal"": ""Youth literacy 81.36% (World Bank API / UNESCO UIS, 2024); credentials still under-signal practical competencies"", ""informality_signal"": ""Entry analytics pathways are largely formal and degree-filtered."", ""value_type"": ""mixed_real_api_and_benchmark"", ""source_dataset"": ""World Bank API (ILOSTAT LFS / ITU / UNESCO UIS) / Frey-Osborne / ILOSTAT Earnings API"", ""source_url_or_note"": ""NEET 11.909 (2024): https://api.worldbank.org/v2/country/NG/indicator/SL.UEM.NEET.ZS?format=json | Internet 41.21139908 (2024): https://api.worldbank.org/v2/country/NG/indicator/IT.NET.USER.ZS?format=json | Youth literacy 81.3600006103516 (2024): https://api.worldbank.org/v2/country/NG/indicator/SE.ADT.1524.LT.ZS?format=json | Automation benchmark: Frey & Osborne (2017) | ILOSTAT min wage 43.950 (Currency: U.S. dollars, 2024) | ILOSTAT occupation earnings 51.260 [Occupation (ISCO-08): 2. Professionals] (Currency: U.S. dollars, 2024) | ILOSTAT min wage 43.950 (Currency: U.S. dollars, 2024) | ILOSTAT occupation earnings 51.260 [Occupation (ISCO-08): 2. Professionals] (Currency: U.S. dollars, 2024)"", ""year"": 2024, ""data_quality_flag"": ""real_country_indicators_plus_direct_ilostat_wages_plus_role_benchmarks"", ""official_country_min_wage_value"": 43.95, ""official_country_min_wage_currency"": ""Currency: U.S. dollars"", ""official_country_min_wage_year"": 2024.0, ""official_country_min_wage_note"": ""Type of minimum wage: Singular national minimum wage | Currency: NGA - Naira (NGN)"", ""official_country_min_wage_source"": ""ADM - Labour legislation"", ""official_country_min_wage_source_url"": ""https://rplumber.ilo.org/data/indicator?id=EAR_INEE_CUR_NB_A&lang=en&type=label&latestyear=TRUE&format=.csv&channel=ilostat"", ""official_occupation_monthly_earnings_value"": 51.26, ""official_occupation_monthly_earnings_currency"": ""Currency: U.S. dollars"", ""official_occupation_monthly_earnings_year"": 2024.0, ""official_occupation_group"": ""Occupation (ISCO-08): 2. Professionals"", ""official_occupation_quality_note"": ""direct_major_group_usd"", ""official_occupation_note"": ""Currency: NGA - Naira (NGN)"", ""official_occupation_source"": ""HS - General Household Survey"", ""official_occupation_source_url"": ""https://rplumber.ilo.org/data/indicator?id=EAR_EMTA_SEX_OCU_CUR_NB_A&lang=en&type=label&latestyear=TRUE&format=.csv&channel=ilostat""}","{""enabled"": true, ""package_installed"": true, ""model_name"": ""sentence-transformers/paraphrase-multilingual-MiniLM-L12-v2"", ""model_loaded"": true, ""load_attempted"": true, ""load_error"": null, ""offline_mode"": false, ""role_threshold"": 0.32, ""fallback_threshold"": 0.24, ""skill_threshold"": 0.36, ""similarity_weight"": 3.5}","Mapped because matched 3 role signal(s) for Data Analyst; detected skill terms: excel, sql, python, power bi, kobotoolbox; 3/4 core skill(s) present."
Nigeria,POS Reconciliation Officer,GR-OPS-001,Operations Data Coordinator – Entry,"[""Payments Systems"", ""Excel""]",[],"[{""role_id"": ""GR-OPS-001"", ""role_title"": ""Operations Data Coordinator"", ""role_level"": ""Entry"", ""signal_score"": 1, ""semantic_score"": 0.4953, ""hybrid_score"": 2.7336, ""match_basis"": ""hybrid_rule_and_semantic""}]",1,HND,64,Low,"[{""region"": ""Ghana"", ""equivalent_role"": ""Operations clerk / NGO data entry""}, {""region"": ""Philippines"", ""equivalent_role"": ""Encoder / barangay clerical / shared services""}]","{""country_context"": ""Nigeria"", ""sector"": ""Operations"", ""standardized_role"": ""Operations Data Coordinator"", ""wage_floor_proxy_usd_month"": 170.0, ""automation_exposure_score"": 0.81, ""youth_neet_rate_pct"": 11.909, ""internet_penetration_pct"": 41.21139908, ""youth_literacy_rate_pct"": 81.3600006103516, ""informal_employment_pct"": NaN, ""youth_unemployment_signal"": ""Nigeria youth NEET 11.91% (World Bank API / ILOSTAT LFS, 2024)"", ""sector_growth_signal"": ""Admin and records support remains concentrated in urban employers and public-facing services."", ""digital_readiness_signal"": ""Internet use 41.21% of population (World Bank API / ITU, 2024); device and bandwidth constraints remain uneven by locality"", ""education_quality_signal"": ""Youth literacy 81.36% (World Bank API / UNESCO UIS, 2024); credentials still under-signal practical competencies"", ""informality_signal"": ""Entry clerical roles are more formal than microenterprise, but screening still excludes informal youth talent."", ""value_type"": ""mixed_real_api_and_benchmark"", ""source_dataset"": ""World Bank API (ILOSTAT LFS / ITU / UNESCO UIS) / Frey-Osborne / ILOSTAT Earnings API"", ""source_url_or_note"": ""NEET 11.909 (2024): https://api.worldbank.org/v2/country/NG/indicator/SL.UEM.NEET.ZS?format=json | Internet 41.21139908 (2024): https://api.worldbank.org/v2/country/NG/indicator/IT.NET.USER.ZS?format=json | Youth literacy 81.3600006103516 (2024): https://api.worldbank.org/v2/country/NG/indicator/SE.ADT.1524.LT.ZS?format=json | Automation benchmark: Frey & Osborne (2017) | ILOSTAT min wage 43.950 (Currency: U.S. dollars, 2024) | ILOSTAT occupation earnings 49.591 [Occupation (ISCO-08): 4. Clerical support workers] (Currency: U.S. dollars, 2024) | ILOSTAT min wage 43.950 (Currency: U.S. dollars, 2024) | ILOSTAT occupation earnings 49.591 [Occupation (ISCO-08): 4. Clerical support workers] (Currency: U.S. dollars, 2024)"", ""year"": 2024, ""data_quality_flag"": ""real_country_indicators_plus_direct_ilostat_wages_plus_role_benchmarks"", ""official_country_min_wage_value"": 43.95, ""official_country_min_wage_currency"": ""Currency: U.S. dollars"", ""official_country_min_wage_year"": 2024.0, ""official_country_min_wage_note"": ""Type of minimum wage: Singular national minimum wage | Currency: NGA - Naira (NGN)"", ""official_country_min_wage_source"": ""ADM - Labour legislation"", ""official_country_min_wage_source_url"": ""https://rplumber.ilo.org/data/indicator?id=EAR_INEE_CUR_NB_A&lang=en&type=label&latestyear=TRUE&format=.csv&channel=ilostat"", ""official_occupation_monthly_earnings_value"": 49.591, ""official_occupation_monthly_earnings_currency"": ""Currency: U.S. dollars"", ""official_occupation_monthly_earnings_year"": 2024.0, ""official_occupation_group"": ""Occupation (ISCO-08): 4. Clerical support workers"", ""official_occupation_quality_note"": ""direct_major_group_usd"", ""official_occupation_note"": ""Currency: NGA - Naira (NGN)"", ""official_occupation_source"": ""HS - General Household Survey"", ""official_occupation_source_url"": ""https://rplumber.ilo.org/data/indicator?id=EAR_EMTA_SEX_OCU_CUR_NB_A&lang=en&type=label&latestyear=TRUE&format=.csv&channel=ilostat""}","{""enabled"": true, ""package_installed"": true, ""model_name"": ""sentence-transformers/paraphrase-multilingual-MiniLM-L12-v2"", ""model_loaded"": true, ""load_attempted"": true, ""load_error"": null, ""offline_mode"": false, ""role_threshold"": 0.32, ""fallback_threshold"": 0.24, ""skill_threshold"": 0.36, ""similarity_weight"": 3.5}","Mapped because matched 1 role signal(s) for Operations Data Coordinator; detected skill terms: interswitch, excel, pivot; 1/4 core skill(s) present."
Nigeria,Junior Research Analyst,GR-DATA-001,Data Analyst – Entry,"[""Excel"", ""SQL"", ""Financial Modeling""]",[],"[{""role_id"": ""GR-DATA-001"", ""role_title"": ""Data Analyst"", ""role_level"": ""Entry"", ""signal_score"": 1, ""semantic_score"": 0.5389, ""hybrid_score"": 2.8861, ""match_basis"": ""hybrid_rule_and_semantic""}]",2,B.Sc Economics,75,Medium,"[{""region"": ""Ghana"", ""equivalent_role"": ""MIS / Reporting Analyst (banking, telco)""}, {""region"": ""Philippines"", ""equivalent_role"": ""MIS Specialist / Reports Analyst (shared services)""}]","{""country_context"": ""Nigeria"", ""sector"": ""Information & Analytics"", ""standardized_role"": ""Data Analyst"", ""wage_floor_proxy_usd_month"": 250.0, ""automation_exposure_score"": 0.55, ""youth_neet_rate_pct"": 11.909, ""internet_penetration_pct"": 41.21139908, ""youth_literacy_rate_pct"": 81.3600006103516, ""informal_employment_pct"": NaN, ""youth_unemployment_signal"": ""Nigeria youth NEET 11.91% (World Bank API / ILOSTAT LFS, 2024)"", ""sector_growth_signal"": ""Junior analytics demand is growing unevenly through fintech, shared services, and formal employers."", ""digital_readiness_signal"": ""Internet use 41.21% of population (World Bank API / ITU, 2024); device and bandwidth constraints remain uneven by locality"", ""education_quality_signal"": ""Youth literacy 81.36% (World Bank API / UNESCO UIS, 2024); credentials still under-signal practical competencies"", ""informality_signal"": ""Entry analytics pathways are largely formal and degree-filtered."", ""value_type"": ""mixed_real_api_and_benchmark"", ""source_dataset"": ""World Bank API (ILOSTAT LFS / ITU / UNESCO UIS) / Frey-Osborne / ILOSTAT Earnings API"", ""source_url_or_note"": ""NEET 11.909 (2024): https://api.worldbank.org/v2/country/NG/indicator/SL.UEM.NEET.ZS?format=json | Internet 41.21139908 (2024): https://api.worldbank.org/v2/country/NG/indicator/IT.NET.USER.ZS?format=json | Youth literacy 81.3600006103516 (2024): https://api.worldbank.org/v2/country/NG/indicator/SE.ADT.1524.LT.ZS?format=json | Automation benchmark: Frey & Osborne (2017) | ILOSTAT min wage 43.950 (Currency: U.S. dollars, 2024) | ILOSTAT occupation earnings 51.260 [Occupation (ISCO-08): 2. Professionals] (Currency: U.S. dollars, 2024) | ILOSTAT min wage 43.950 (Currency: U.S. dollars, 2024) | ILOSTAT occupation earnings 51.260 [Occupation (ISCO-08): 2. Professionals] (Currency: U.S. dollars, 2024)"", ""year"": 2024, ""data_quality_flag"": ""real_country_indicators_plus_direct_ilostat_wages_plus_role_benchmarks"", ""official_country_min_wage_value"": 43.95, ""official_country_min_wage_currency"": ""Currency: U.S. dollars"", ""official_country_min_wage_year"": 2024.0, ""official_country_min_wage_note"": ""Type of minimum wage: Singular national minimum wage | Currency: NGA - Naira (NGN)"", ""official_country_min_wage_source"": ""ADM - Labour legislation"", ""official_country_min_wage_source_url"": ""https://rplumber.ilo.org/data/indicator?id=EAR_INEE_CUR_NB_A&lang=en&type=label&latestyear=TRUE&format=.csv&channel=ilostat"", ""official_occupation_monthly_earnings_value"": 51.26, ""official_occupation_monthly_earnings_currency"": ""Currency: U.S. dollars"", ""official_occupation_monthly_earnings_year"": 2024.0, ""official_occupation_group"": ""Occupation (ISCO-08): 2. Professionals"", ""official_occupation_quality_note"": ""direct_major_group_usd"", ""official_occupation_note"": ""Currency: NGA - Naira (NGN)"", ""official_occupation_source"": ""HS - General Household Survey"", ""official_occupation_source_url"": ""https://rplumber.ilo.org/data/indicator?id=EAR_EMTA_SEX_OCU_CUR_NB_A&lang=en&type=label&latestyear=TRUE&format=.csv&channel=ilostat""}","{""enabled"": true, ""package_installed"": true, ""model_name"": ""sentence-transformers/paraphrase-multilingual-MiniLM-L12-v2"", ""model_loaded"": true, ""load_attempted"": true, ""load_error"": null, ""offline_mode"": false, ""role_threshold"": 0.32, ""fallback_threshold"": 0.24, ""skill_threshold"": 0.36, ""similarity_weight"": 3.5}","Mapped because matched 1 role signal(s) for Data Analyst; detected skill terms: excel, sql, modeling; 2/4 core skill(s) present."
Philippines,BPO Data Agent,GR-DATA-001,Data Analyst – Entry,"[""Excel"", ""SQL"", ""Dashboarding"", ""Data Entry"", ""CRM""]",[],"[{""role_id"": ""GR-DATA-001"", ""role_title"": ""Data Analyst"", ""role_level"": ""Entry"", ""signal_score"": 3, ""semantic_score"": 0.4904, ""hybrid_score"": 4.7164, ""match_basis"": ""hybrid_rule_and_semantic""}]",3,College Graduate (any course),99,High,"[{""region"": ""Ghana"", ""equivalent_role"": ""MIS / Reporting Analyst (banking, telco)""}, {""region"": ""Nigeria"", ""equivalent_role"": ""Insights Analyst (fintech, NGO M&E)""}]","{""country_context"": ""Philippines"", ""sector"": ""Information & Analytics"", ""standardized_role"": ""Data Analyst"", ""wage_floor_proxy_usd_month"": 520.0, ""automation_exposure_score"": 0.55, ""youth_neet_rate_pct"": 12.362, ""internet_penetration_pct"": 67.26300914, ""youth_literacy_rate_pct"": 99.77, ""informal_employment_pct"": NaN, ""youth_unemployment_signal"": ""Philippines youth NEET 12.36% (World Bank API / ILOSTAT LFS, 2023)"", ""sector_growth_signal"": ""Junior analytics demand is growing unevenly through fintech, shared services, and formal employers."", ""digital_readiness_signal"": ""Internet use 67.26% of population (World Bank API / ITU, 2024); device and bandwidth constraints remain uneven by locality"", ""education_quality_signal"": ""Youth literacy 99.77% (World Bank API / UNESCO UIS, 2022); credentials still under-signal practical competencies"", ""informality_signal"": ""Entry analytics pathways are largely formal and degree-filtered."", ""value_type"": ""mixed_real_api_and_benchmark"", ""source_dataset"": ""World Bank API (ILOSTAT LFS / ITU / UNESCO UIS) / Frey-Osborne / ILOSTAT Earnings API"", ""source_url_or_note"": ""NEET 12.362 (2023): https://api.worldbank.org/v2/country/PH/indicator/SL.UEM.NEET.ZS?format=json | Internet 67.26300914 (2024): https://api.worldbank.org/v2/country/PH/indicator/IT.NET.USER.ZS?format=json | Youth literacy 99.77 (2022): https://api.worldbank.org/v2/country/PH/indicator/SE.ADT.1524.LT.ZS?format=json | Automation benchmark: Frey & Osborne (2017) | ILOSTAT min wage 144.910 (Currency: U.S. dollars, 2024) | ILOSTAT occupation earnings 602.207 [Occupation (ISCO-08): 2. Professionals] (Currency: U.S. dollars, 2023) | ILOSTAT min wage 144.910 (Currency: U.S. dollars, 2024) | ILOSTAT occupation earnings 602.207 [Occupation (ISCO-08): 2. Professionals] (Currency: U.S. dollars, 2023)"", ""year"": 2024, ""data_quality_flag"": ""real_country_indicators_plus_direct_ilostat_wages_plus_role_benchmarks"", ""official_country_min_wage_value"": 144.91, ""official_country_min_wage_currency"": ""Currency: U.S. dollars"", ""official_country_min_wage_year"": 2024.0, ""official_country_min_wage_note"": ""Type of minimum wage: Regional (lowest provincial rate in non-agriculture) | Currency: PHL - Philippine peso (PHP) | ILO calculation: Daily figure multiplied by 6 days and 4.33 weeks"", ""official_country_min_wage_source"": ""ADM - Labour legislation"", ""official_country_min_wage_source_url"": ""https://rplumber.ilo.org/data/indicator?id=EAR_INEE_CUR_NB_A&lang=en&type=label&latestyear=TRUE&format=.csv&channel=ilostat"", ""official_occupation_monthly_earnings_value"": 602.207, ""official_occupation_monthly_earnings_currency"": ""Currency: U.S. dollars"", ""official_occupation_monthly_earnings_year"": 2023.0, ""official_occupation_group"": ""Occupation (ISCO-08): 2. Professionals"", ""official_occupation_quality_note"": ""direct_major_group_usd"", ""official_occupation_note"": ""Currency: PHL - Philippine peso (PHP)"", ""official_occupation_source"": ""LFS - Labour Force Survey"", ""official_occupation_source_url"": ""https://rplumber.ilo.org/data/indicator?id=EAR_EMTA_SEX_OCU_CUR_NB_A&lang=en&type=label&latestyear=TRUE&format=.csv&channel=ilostat""}","{""enabled"": true, ""package_installed"": true, ""model_name"": ""sentence-transformers/paraphrase-multilingual-MiniLM-L12-v2"", ""model_loaded"": true, ""load_attempted"": true, ""load_error"": null, ""offline_mode"": false, ""role_threshold"": 0.32, ""fallback_threshold"": 0.24, ""skill_threshold"": 0.36, ""similarity_weight"": 3.5}","Mapped because matched 3 role signal(s) for Data Analyst; detected skill terms: excel, sql, power bi, dashboard, data entry...; 3/4 core skill(s) present."
Philippines,MIS Specialist,GR-DATA-001,Data Analyst – Entry,"[""Customer Service"", ""Excel"", ""SQL"", ""Dashboarding""]",[],"[{""role_id"": ""GR-DATA-001"", ""role_title"": ""Data Analyst"", ""role_level"": ""Entry"", ""signal_score"": 4, ""semantic_score"": 0.5361, ""hybrid_score"": 5.8764, ""match_basis"": ""hybrid_rule_and_semantic""}]",3,B.S. Information Technology,99,High,"[{""region"": ""Ghana"", ""equivalent_role"": ""MIS / Reporting Analyst (banking, telco)""}, {""region"": ""Nigeria"", ""equivalent_role"": ""Insights Analyst (fintech, NGO M&E)""}]","{""country_context"": ""Philippines"", ""sector"": ""Information & Analytics"", ""standardized_role"": ""Data Analyst"", ""wage_floor_proxy_usd_month"": 520.0, ""automation_exposure_score"": 0.55, ""youth_neet_rate_pct"": 12.362, ""internet_penetration_pct"": 67.26300914, ""youth_literacy_rate_pct"": 99.77, ""informal_employment_pct"": NaN, ""youth_unemployment_signal"": ""Philippines youth NEET 12.36% (World Bank API / ILOSTAT LFS, 2023)"", ""sector_growth_signal"": ""Junior analytics demand is growing unevenly through fintech, shared services, and formal employers."", ""digital_readiness_signal"": ""Internet use 67.26% of population (World Bank API / ITU, 2024); device and bandwidth constraints remain uneven by locality"", ""education_quality_signal"": ""Youth literacy 99.77% (World Bank API / UNESCO UIS, 2022); credentials still under-signal practical competencies"", ""informality_signal"": ""Entry analytics pathways are largely formal and degree-filtered."", ""value_type"": ""mixed_real_api_and_benchmark"", ""source_dataset"": ""World Bank API (ILOSTAT LFS / ITU / UNESCO UIS) / Frey-Osborne / ILOSTAT Earnings API"", ""source_url_or_note"": ""NEET 12.362 (2023): https://api.worldbank.org/v2/country/PH/indicator/SL.UEM.NEET.ZS?format=json | Internet 67.26300914 (2024): https://api.worldbank.org/v2/country/PH/indicator/IT.NET.USER.ZS?format=json | Youth literacy 99.77 (2022): https://api.worldbank.org/v2/country/PH/indicator/SE.ADT.1524.LT.ZS?format=json | Automation benchmark: Frey & Osborne (2017) | ILOSTAT min wage 144.910 (Currency: U.S. dollars, 2024) | ILOSTAT occupation earnings 602.207 [Occupation (ISCO-08): 2. Professionals] (Currency: U.S. dollars, 2023) | ILOSTAT min wage 144.910 (Currency: U.S. dollars, 2024) | ILOSTAT occupation earnings 602.207 [Occupation (ISCO-08): 2. Professionals] (Currency: U.S. dollars, 2023)"", ""year"": 2024, ""data_quality_flag"": ""real_country_indicators_plus_direct_ilostat_wages_plus_role_benchmarks"", ""official_country_min_wage_value"": 144.91, ""official_country_min_wage_currency"": ""Currency: U.S. dollars"", ""official_country_min_wage_year"": 2024.0, ""official_country_min_wage_note"": ""Type of minimum wage: Regional (lowest provincial rate in non-agriculture) | Currency: PHL - Philippine peso (PHP) | ILO calculation: Daily figure multiplied by 6 days and 4.33 weeks"", ""official_country_min_wage_source"": ""ADM - Labour legislation"", ""official_country_min_wage_source_url"": ""https://rplumber.ilo.org/data/indicator?id=EAR_INEE_CUR_NB_A&lang=en&type=label&latestyear=TRUE&format=.csv&channel=ilostat"", ""official_occupation_monthly_earnings_value"": 602.207, ""official_occupation_monthly_earnings_currency"": ""Currency: U.S. dollars"", ""official_occupation_monthly_earnings_year"": 2023.0, ""official_occupation_group"": ""Occupation (ISCO-08): 2. Professionals"", ""official_occupation_quality_note"": ""direct_major_group_usd"", ""official_occupation_note"": ""Currency: PHL - Philippine peso (PHP)"", ""official_occupation_source"": ""LFS - Labour Force Survey"", ""official_occupation_source_url"": ""https://rplumber.ilo.org/data/indicator?id=EAR_EMTA_SEX_OCU_CUR_NB_A&lang=en&type=label&latestyear=TRUE&format=.csv&channel=ilostat""}","{""enabled"": true, ""package_installed"": true, ""model_name"": ""sentence-transformers/paraphrase-multilingual-MiniLM-L12-v2"", ""model_loaded"": true, ""load_attempted"": true, ""load_error"": null, ""offline_mode"": false, ""role_threshold"": 0.32, ""fallback_threshold"": 0.24, ""skill_threshold"": 0.36, ""similarity_weight"": 3.5}","Mapped because matched 4 role signal(s) for Data Analyst; detected skill terms: server, excel, vba, sql, sql server...; 3/4 core skill(s) present."
Philippines,Data Analyst - Shared Services,GR-DATA-001,Data Analyst – Entry,"[""Excel"", ""SQL"", ""Dashboarding"", ""ETL/Pipelines"", ""Reconciliation""]",[],"[{""role_id"": ""GR-DATA-001"", ""role_title"": ""Data Analyst"", ""role_level"": ""Entry"", ""signal_score"": 4, ""semantic_score"": 0.6443, ""hybrid_score"": 6.2549, ""match_basis"": ""hybrid_rule_and_semantic""}]",3,B.S. Accountancy,99,High,"[{""region"": ""Ghana"", ""equivalent_role"": ""MIS / Reporting Analyst (banking, telco)""}, {""region"": ""Nigeria"", ""equivalent_role"": ""Insights Analyst (fintech, NGO M&E)""}]","{""country_context"": ""Philippines"", ""sector"": ""Information & Analytics"", ""standardized_role"": ""Data Analyst"", ""wage_floor_proxy_usd_month"": 520.0, ""automation_exposure_score"": 0.55, ""youth_neet_rate_pct"": 12.362, ""internet_penetration_pct"": 67.26300914, ""youth_literacy_rate_pct"": 99.77, ""informal_employment_pct"": NaN, ""youth_unemployment_signal"": ""Philippines youth NEET 12.36% (World Bank API / ILOSTAT LFS, 2023)"", ""sector_growth_signal"": ""Junior analytics demand is growing unevenly through fintech, shared services, and formal employers."", ""digital_readiness_signal"": ""Internet use 67.26% of population (World Bank API / ITU, 2024); device and bandwidth constraints remain uneven by locality"", ""education_quality_signal"": ""Youth literacy 99.77% (World Bank API / UNESCO UIS, 2022); credentials still under-signal practical competencies"", ""informality_signal"": ""Entry analytics pathways are largely formal and degree-filtered."", ""value_type"": ""mixed_real_api_and_benchmark"", ""source_dataset"": ""World Bank API (ILOSTAT LFS / ITU / UNESCO UIS) / Frey-Osborne / ILOSTAT Earnings API"", ""source_url_or_note"": ""NEET 12.362 (2023): https://api.worldbank.org/v2/country/PH/indicator/SL.UEM.NEET.ZS?format=json | Internet 67.26300914 (2024): https://api.worldbank.org/v2/country/PH/indicator/IT.NET.USER.ZS?format=json | Youth literacy 99.77 (2022): https://api.worldbank.org/v2/country/PH/indicator/SE.ADT.1524.LT.ZS?format=json | Automation benchmark: Frey & Osborne (2017) | ILOSTAT min wage 144.910 (Currency: U.S. dollars, 2024) | ILOSTAT occupation earnings 602.207 [Occupation (ISCO-08): 2. Professionals] (Currency: U.S. dollars, 2023) | ILOSTAT min wage 144.910 (Currency: U.S. dollars, 2024) | ILOSTAT occupation earnings 602.207 [Occupation (ISCO-08): 2. Professionals] (Currency: U.S. dollars, 2023)"", ""year"": 2024, ""data_quality_flag"": ""real_country_indicators_plus_direct_ilostat_wages_plus_role_benchmarks"", ""official_country_min_wage_value"": 144.91, ""official_country_min_wage_currency"": ""Currency: U.S. dollars"", ""official_country_min_wage_year"": 2024.0, ""official_country_min_wage_note"": ""Type of minimum wage: Regional (lowest provincial rate in non-agriculture) | Currency: PHL - Philippine peso (PHP) | ILO calculation: Daily figure multiplied by 6 days and 4.33 weeks"", ""official_country_min_wage_source"": ""ADM - Labour legislation"", ""official_country_min_wage_source_url"": ""https://rplumber.ilo.org/data/indicator?id=EAR_INEE_CUR_NB_A&lang=en&type=label&latestyear=TRUE&format=.csv&channel=ilostat"", ""official_occupation_monthly_earnings_value"": 602.207, ""official_occupation_monthly_earnings_currency"": ""Currency: U.S. dollars"", ""official_occupation_monthly_earnings_year"": 2023.0, ""official_occupation_group"": ""Occupation (ISCO-08): 2. Professionals"", ""official_occupation_quality_note"": ""direct_major_group_usd"", ""official_occupation_note"": ""Currency: PHL - Philippine peso (PHP)"", ""official_occupation_source"": ""LFS - Labour Force Survey"", ""official_occupation_source_url"": ""https://rplumber.ilo.org/data/indicator?id=EAR_EMTA_SEX_OCU_CUR_NB_A&lang=en&type=label&latestyear=TRUE&format=.csv&channel=ilostat""}","{""enabled"": true, ""package_installed"": true, ""model_name"": ""sentence-transformers/paraphrase-multilingual-MiniLM-L12-v2"", ""model_loaded"": true, ""load_attempted"": true, ""load_error"": null, ""offline_mode"": false, ""role_threshold"": 0.32, ""fallback_threshold"": 0.24, ""skill_threshold"": 0.36, ""similarity_weight"": 3.5}","Mapped because matched 4 role signal(s) for Data Analyst; detected skill terms: excel, sql, power bi, alteryx, reconciliation; 3/4 core skill(s) present."
Philippines,Workforce Mgmt Analyst,GR-OPS-001,Operations Data Coordinator – Entry,"[""Excel""]","[{""canonical_skill"": ""Process Documentation"", ""semantic_score"": 0.3962, ""example_phrases"": [""order logs"", ""order tracking""]}]","[{""role_id"": ""GR-OPS-001"", ""role_title"": ""Operations Data Coordinator"", ""role_level"": ""Entry"", ""signal_score"": 2, ""semantic_score"": 0.4798, ""hybrid_score"": 3.6793, ""match_basis"": ""hybrid_rule_and_semantic""}]",1,College Graduate,67,Medium,"[{""region"": ""Ghana"", ""equivalent_role"": ""Operations clerk / NGO data entry""}, {""region"": ""Nigeria"", ""equivalent_role"": ""OND-track operations clerk / NGO M&E""}]","{""country_context"": ""Philippines"", ""sector"": ""Operations"", ""standardized_role"": ""Operations Data Coordinator"", ""wage_floor_proxy_usd_month"": 400.0, ""automation_exposure_score"": 0.81, ""youth_neet_rate_pct"": 12.362, ""internet_penetration_pct"": 67.26300914, ""youth_literacy_rate_pct"": 99.77, ""informal_employment_pct"": NaN, ""youth_unemployment_signal"": ""Philippines youth NEET 12.36% (World Bank API / ILOSTAT LFS, 2023)"", ""sector_growth_signal"": ""Admin and records support remains concentrated in urban employers and public-facing services."", ""digital_readiness_signal"": ""Internet use 67.26% of population (World Bank API / ITU, 2024); device and bandwidth constraints remain uneven by locality"", ""education_quality_signal"": ""Youth literacy 99.77% (World Bank API / UNESCO UIS, 2022); credentials still under-signal practical competencies"", ""informality_signal"": ""Entry clerical roles are more formal than microenterprise, but screening still excludes informal youth talent."", ""value_type"": ""mixed_real_api_and_benchmark"", ""source_dataset"": ""World Bank API (ILOSTAT LFS / ITU / UNESCO UIS) / Frey-Osborne / ILOSTAT Earnings API"", ""source_url_or_note"": ""NEET 12.362 (2023): https://api.worldbank.org/v2/country/PH/indicator/SL.UEM.NEET.ZS?format=json | Internet 67.26300914 (2024): https://api.worldbank.org/v2/country/PH/indicator/IT.NET.USER.ZS?format=json | Youth literacy 99.77 (2022): https://api.worldbank.org/v2/country/PH/indicator/SE.ADT.1524.LT.ZS?format=json | Automation benchmark: Frey & Osborne (2017) | ILOSTAT min wage 144.910 (Currency: U.S. dollars, 2024) | ILOSTAT occupation earnings 374.203 [Occupation (ISCO-08): 4. Clerical support workers] (Currency: U.S. dollars, 2023) | ILOSTAT min wage 144.910 (Currency: U.S. dollars, 2024) | ILOSTAT occupation earnings 374.203 [Occupation (ISCO-08): 4. Clerical support workers] (Currency: U.S. dollars, 2023)"", ""year"": 2024, ""data_quality_flag"": ""real_country_indicators_plus_direct_ilostat_wages_plus_role_benchmarks"", ""official_country_min_wage_value"": 144.91, ""official_country_min_wage_currency"": ""Currency: U.S. dollars"", ""official_country_min_wage_year"": 2024.0, ""official_country_min_wage_note"": ""Type of minimum wage: Regional (lowest provincial rate in non-agriculture) | Currency: PHL - Philippine peso (PHP) | ILO calculation: Daily figure multiplied by 6 days and 4.33 weeks"", ""official_country_min_wage_source"": ""ADM - Labour legislation"", ""official_country_min_wage_source_url"": ""https://rplumber.ilo.org/data/indicator?id=EAR_INEE_CUR_NB_A&lang=en&type=label&latestyear=TRUE&format=.csv&channel=ilostat"", ""official_occupation_monthly_earnings_value"": 374.203, ""official_occupation_monthly_earnings_currency"": ""Currency: U.S. dollars"", ""official_occupation_monthly_earnings_year"": 2023.0, ""official_occupation_group"": ""Occupation (ISCO-08): 4. Clerical support workers"", ""official_occupation_quality_note"": ""direct_major_group_usd"", ""official_occupation_note"": ""Currency: PHL - Philippine peso (PHP)"", ""official_occupation_source"": ""LFS - Labour Force Survey"", ""official_occupation_source_url"": ""https://rplumber.ilo.org/data/indicator?id=EAR_EMTA_SEX_OCU_CUR_NB_A&lang=en&type=label&latestyear=TRUE&format=.csv&channel=ilostat""}","{""enabled"": true, ""package_installed"": true, ""model_name"": ""sentence-transformers/paraphrase-multilingual-MiniLM-L12-v2"", ""model_loaded"": true, ""load_attempted"": true, ""load_error"": null, ""offline_mode"": false, ""role_threshold"": 0.32, ""fallback_threshold"": 0.24, ""skill_threshold"": 0.36, ""similarity_weight"": 3.5}",Mapped because matched 2 role signal(s) for Operations Data Coordinator; detected skill terms: excel; 1/4 core skill(s) present.
Philippines,Junior Accountant Analyst,GR-FIN-001,Finance Operations Associate – Entry,"[""Excel"", ""Accounting Software"", ""Reconciliation"", ""Bookkeeping""]",[],"[{""role_id"": ""GR-FIN-001"", ""role_title"": ""Finance Operations Associate"", ""role_level"": ""Entry"", ""signal_score"": 5, ""semantic_score"": 0.5755, ""hybrid_score"": 7.0141, ""match_basis"": ""hybrid_rule_and_semantic""}]",3,B.S. Accountancy + CPA review,99,High,"[{""region"": ""Ghana"", ""equivalent_role"": ""Account Officer (Tally/Sage)""}, {""region"": ""Nigeria"", ""equivalent_role"": ""Account Officer / Banking ops""}]","{""country_context"": ""Philippines"", ""sector"": ""Financial Services"", ""standardized_role"": ""Finance Operations Associate"", ""wage_floor_proxy_usd_month"": 450.0, ""automation_exposure_score"": 0.98, ""youth_neet_rate_pct"": 12.362, ""internet_penetration_pct"": 67.26300914, ""youth_literacy_rate_pct"": 99.77, ""informal_employment_pct"": NaN, ""youth_unemployment_signal"": ""Philippines youth NEET 12.36% (World Bank API / ILOSTAT LFS, 2023)"", ""sector_growth_signal"": ""Formal finance pathways still exist, but access remains filtered by credentials and software fluency."", ""digital_readiness_signal"": ""Internet use 67.26% of population (World Bank API / ITU, 2024); device and bandwidth constraints remain uneven by locality"", ""education_quality_signal"": ""Youth literacy 99.77% (World Bank API / UNESCO UIS, 2022); credentials still under-signal practical competencies"", ""informality_signal"": ""Finance operations is comparatively formal and strongly credential-screened."", ""value_type"": ""mixed_real_api_and_benchmark"", ""source_dataset"": ""World Bank API (ILOSTAT LFS / ITU / UNESCO UIS) / Frey-Osborne / ILOSTAT Earnings API"", ""source_url_or_note"": ""NEET 12.362 (2023): https://api.worldbank.org/v2/country/PH/indicator/SL.UEM.NEET.ZS?format=json | Internet 67.26300914 (2024): https://api.worldbank.org/v2/country/PH/indicator/IT.NET.USER.ZS?format=json | Youth literacy 99.77 (2022): https://api.worldbank.org/v2/country/PH/indicator/SE.ADT.1524.LT.ZS?format=json | Automation benchmark: Frey & Osborne (2017) | ILOSTAT min wage 144.910 (Currency: U.S. dollars, 2024) | ILOSTAT occupation earnings 422.121 [Occupation (ISCO-08): 3. Technicians and associate professionals] (Currency: U.S. dollars, 2023) | ILOSTAT min wage 144.910 (Currency: U.S. dollars, 2024) | ILOSTAT occupation earnings 422.121 [Occupation (ISCO-08): 3. Technicians and associate professionals] (Currency: U.S. dollars, 2023)"", ""year"": 2024, ""data_quality_flag"": ""real_country_indicators_plus_direct_ilostat_wages_plus_role_benchmarks"", ""official_country_min_wage_value"": 144.91, ""official_country_min_wage_currency"": ""Currency: U.S. dollars"", ""official_country_min_wage_year"": 2024.0, ""official_country_min_wage_note"": ""Type of minimum wage: Regional (lowest provincial rate in non-agriculture) | Currency: PHL - Philippine peso (PHP) | ILO calculation: Daily figure multiplied by 6 days and 4.33 weeks"", ""official_country_min_wage_source"": ""ADM - Labour legislation"", ""official_country_min_wage_source_url"": ""https://rplumber.ilo.org/data/indicator?id=EAR_INEE_CUR_NB_A&lang=en&type=label&latestyear=TRUE&format=.csv&channel=ilostat"", ""official_occupation_monthly_earnings_value"": 422.121, ""official_occupation_monthly_earnings_currency"": ""Currency: U.S. dollars"", ""official_occupation_monthly_earnings_year"": 2023.0, ""official_occupation_group"": ""Occupation (ISCO-08): 3. Technicians and associate professionals"", ""official_occupation_quality_note"": ""direct_major_group_usd"", ""official_occupation_note"": ""Currency: PHL - Philippine peso (PHP)"", ""official_occupation_source"": ""LFS - Labour Force Survey"", ""official_occupation_source_url"": ""https://rplumber.ilo.org/data/indicator?id=EAR_EMTA_SEX_OCU_CUR_NB_A&lang=en&type=label&latestyear=TRUE&format=.csv&channel=ilostat""}","{""enabled"": true, ""package_installed"": true, ""model_name"": ""sentence-transformers/paraphrase-multilingual-MiniLM-L12-v2"", ""model_loaded"": true, ""load_attempted"": true, ""load_error"": null, ""offline_mode"": false, ""role_threshold"": 0.32, ""fallback_threshold"": 0.24, ""skill_threshold"": 0.36, ""similarity_weight"": 3.5}","Mapped because matched 5 role signal(s) for Finance Operations Associate; detected skill terms: excel, quickbooks, xero, sap, recon...; 3/4 core skill(s) present."
Philippines,Reports Analyst (Outsourced FP&A),GR-DATA-001,Data Analyst – Entry,"[""Excel"", ""SQL"", ""Financial Modeling""]",[],"[{""role_id"": ""GR-DATA-001"", ""role_title"": ""Data Analyst"", ""role_level"": ""Entry"", ""signal_score"": 2, ""semantic_score"": 0.4975, ""hybrid_score"": 3.7414, ""match_basis"": ""hybrid_rule_and_semantic""}]",2,B.S. Accountancy,83,Medium,"[{""region"": ""Ghana"", ""equivalent_role"": ""MIS / Reporting Analyst (banking, telco)""}, {""region"": ""Nigeria"", ""equivalent_role"": ""Insights Analyst (fintech, NGO M&E)""}]","{""country_context"": ""Philippines"", ""sector"": ""Information & Analytics"", ""standardized_role"": ""Data Analyst"", ""wage_floor_proxy_usd_month"": 520.0, ""automation_exposure_score"": 0.55, ""youth_neet_rate_pct"": 12.362, ""internet_penetration_pct"": 67.26300914, ""youth_literacy_rate_pct"": 99.77, ""informal_employment_pct"": NaN, ""youth_unemployment_signal"": ""Philippines youth NEET 12.36% (World Bank API / ILOSTAT LFS, 2023)"", ""sector_growth_signal"": ""Junior analytics demand is growing unevenly through fintech, shared services, and formal employers."", ""digital_readiness_signal"": ""Internet use 67.26% of population (World Bank API / ITU, 2024); device and bandwidth constraints remain uneven by locality"", ""education_quality_signal"": ""Youth literacy 99.77% (World Bank API / UNESCO UIS, 2022); credentials still under-signal practical competencies"", ""informality_signal"": ""Entry analytics pathways are largely formal and degree-filtered."", ""value_type"": ""mixed_real_api_and_benchmark"", ""source_dataset"": ""World Bank API (ILOSTAT LFS / ITU / UNESCO UIS) / Frey-Osborne / ILOSTAT Earnings API"", ""source_url_or_note"": ""NEET 12.362 (2023): https://api.worldbank.org/v2/country/PH/indicator/SL.UEM.NEET.ZS?format=json | Internet 67.26300914 (2024): https://api.worldbank.org/v2/country/PH/indicator/IT.NET.USER.ZS?format=json | Youth literacy 99.77 (2022): https://api.worldbank.org/v2/country/PH/indicator/SE.ADT.1524.LT.ZS?format=json | Automation benchmark: Frey & Osborne (2017) | ILOSTAT min wage 144.910 (Currency: U.S. dollars, 2024) | ILOSTAT occupation earnings 602.207 [Occupation (ISCO-08): 2. Professionals] (Currency: U.S. dollars, 2023) | ILOSTAT min wage 144.910 (Currency: U.S. dollars, 2024) | ILOSTAT occupation earnings 602.207 [Occupation (ISCO-08): 2. Professionals] (Currency: U.S. dollars, 2023)"", ""year"": 2024, ""data_quality_flag"": ""real_country_indicators_plus_direct_ilostat_wages_plus_role_benchmarks"", ""official_country_min_wage_value"": 144.91, ""official_country_min_wage_currency"": ""Currency: U.S. dollars"", ""official_country_min_wage_year"": 2024.0, ""official_country_min_wage_note"": ""Type of minimum wage: Regional (lowest provincial rate in non-agriculture) | Currency: PHL - Philippine peso (PHP) | ILO calculation: Daily figure multiplied by 6 days and 4.33 weeks"", ""official_country_min_wage_source"": ""ADM - Labour legislation"", ""official_country_min_wage_source_url"": ""https://rplumber.ilo.org/data/indicator?id=EAR_INEE_CUR_NB_A&lang=en&type=label&latestyear=TRUE&format=.csv&channel=ilostat"", ""official_occupation_monthly_earnings_value"": 602.207, ""official_occupation_monthly_earnings_currency"": ""Currency: U.S. dollars"", ""official_occupation_monthly_earnings_year"": 2023.0, ""official_occupation_group"": ""Occupation (ISCO-08): 2. Professionals"", ""official_occupation_quality_note"": ""direct_major_group_usd"", ""official_occupation_note"": ""Currency: PHL - Philippine peso (PHP)"", ""official_occupation_source"": ""LFS - Labour Force Survey"", ""official_occupation_source_url"": ""https://rplumber.ilo.org/data/indicator?id=EAR_EMTA_SEX_OCU_CUR_NB_A&lang=en&type=label&latestyear=TRUE&format=.csv&channel=ilostat""}","{""enabled"": true, ""package_installed"": true, ""model_name"": ""sentence-transformers/paraphrase-multilingual-MiniLM-L12-v2"", ""model_loaded"": true, ""load_attempted"": true, ""load_error"": null, ""offline_mode"": false, ""role_threshold"": 0.32, ""fallback_threshold"": 0.24, ""skill_threshold"": 0.36, ""similarity_weight"": 3.5}","Mapped because matched 2 role signal(s) for Data Analyst; detected skill terms: excel, power query, sql, snowflake, anaplan...; 2/4 core skill(s) present."
Philippines,Encoder / Junior Analyst,GR-OPS-001,Operations Data Coordinator – Entry,"[""Excel"", ""SQL"", ""Data Entry""]",[],"[{""role_id"": ""GR-OPS-001"", ""role_title"": ""Operations Data Coordinator"", ""role_level"": ""Entry"", ""signal_score"": 3, ""semantic_score"": 0.5608, ""hybrid_score"": 4.9627, ""match_basis"": ""hybrid_rule_and_semantic""}]",2,Senior High Graduate (STEM),91,High,"[{""region"": ""Ghana"", ""equivalent_role"": ""Operations clerk / NGO data entry""}, {""region"": ""Nigeria"", ""equivalent_role"": ""OND-track operations clerk / NGO M&E""}]","{""country_context"": ""Philippines"", ""sector"": ""Operations"", ""standardized_role"": ""Operations Data Coordinator"", ""wage_floor_proxy_usd_month"": 400.0, ""automation_exposure_score"": 0.81, ""youth_neet_rate_pct"": 12.362, ""internet_penetration_pct"": 67.26300914, ""youth_literacy_rate_pct"": 99.77, ""informal_employment_pct"": NaN, ""youth_unemployment_signal"": ""Philippines youth NEET 12.36% (World Bank API / ILOSTAT LFS, 2023)"", ""sector_growth_signal"": ""Admin and records support remains concentrated in urban employers and public-facing services."", ""digital_readiness_signal"": ""Internet use 67.26% of population (World Bank API / ITU, 2024); device and bandwidth constraints remain uneven by locality"", ""education_quality_signal"": ""Youth literacy 99.77% (World Bank API / UNESCO UIS, 2022); credentials still under-signal practical competencies"", ""informality_signal"": ""Entry clerical roles are more formal than microenterprise, but screening still excludes informal youth talent."", ""value_type"": ""mixed_real_api_and_benchmark"", ""source_dataset"": ""World Bank API (ILOSTAT LFS / ITU / UNESCO UIS) / Frey-Osborne / ILOSTAT Earnings API"", ""source_url_or_note"": ""NEET 12.362 (2023): https://api.worldbank.org/v2/country/PH/indicator/SL.UEM.NEET.ZS?format=json | Internet 67.26300914 (2024): https://api.worldbank.org/v2/country/PH/indicator/IT.NET.USER.ZS?format=json | Youth literacy 99.77 (2022): https://api.worldbank.org/v2/country/PH/indicator/SE.ADT.1524.LT.ZS?format=json | Automation benchmark: Frey & Osborne (2017) | ILOSTAT min wage 144.910 (Currency: U.S. dollars, 2024) | ILOSTAT occupation earnings 374.203 [Occupation (ISCO-08): 4. Clerical support workers] (Currency: U.S. dollars, 2023) | ILOSTAT min wage 144.910 (Currency: U.S. dollars, 2024) | ILOSTAT occupation earnings 374.203 [Occupation (ISCO-08): 4. Clerical support workers] (Currency: U.S. dollars, 2023)"", ""year"": 2024, ""data_quality_flag"": ""real_country_indicators_plus_direct_ilostat_wages_plus_role_benchmarks"", ""official_country_min_wage_value"": 144.91, ""official_country_min_wage_currency"": ""Currency: U.S. dollars"", ""official_country_min_wage_year"": 2024.0, ""official_country_min_wage_note"": ""Type of minimum wage: Regional (lowest provincial rate in non-agriculture) | Currency: PHL - Philippine peso (PHP) | ILO calculation: Daily figure multiplied by 6 days and 4.33 weeks"", ""official_country_min_wage_source"": ""ADM - Labour legislation"", ""official_country_min_wage_source_url"": ""https://rplumber.ilo.org/data/indicator?id=EAR_INEE_CUR_NB_A&lang=en&type=label&latestyear=TRUE&format=.csv&channel=ilostat"", ""official_occupation_monthly_earnings_value"": 374.203, ""official_occupation_monthly_earnings_currency"": ""Currency: U.S. dollars"", ""official_occupation_monthly_earnings_year"": 2023.0, ""official_occupation_group"": ""Occupation (ISCO-08): 4. Clerical support workers"", ""official_occupation_quality_note"": ""direct_major_group_usd"", ""official_occupation_note"": ""Currency: PHL - Philippine peso (PHP)"", ""official_occupation_source"": ""LFS - Labour Force Survey"", ""official_occupation_source_url"": ""https://rplumber.ilo.org/data/indicator?id=EAR_EMTA_SEX_OCU_CUR_NB_A&lang=en&type=label&latestyear=TRUE&format=.csv&channel=ilostat""}","{""enabled"": true, ""package_installed"": true, ""model_name"": ""sentence-transformers/paraphrase-multilingual-MiniLM-L12-v2"", ""model_loaded"": true, ""load_attempted"": true, ""load_error"": null, ""offline_mode"": false, ""role_threshold"": 0.32, ""fallback_threshold"": 0.24, ""skill_threshold"": 0.36, ""similarity_weight"": 3.5}","Mapped because matched 3 role signal(s) for Operations Data Coordinator; detected skill terms: excel, vlookup, sql, encoding; 2/4 core skill(s) present."
Philippines,Healthcare Data Coordinator,GR-DATA-001,Data Analyst – Entry,"[""Excel"", ""SQL""]",[],"[{""role_id"": ""GR-DATA-001"", ""role_title"": ""Data Analyst"", ""role_level"": ""Entry"", ""signal_score"": 1, ""semantic_score"": 0.4974, ""hybrid_score"": 2.7409, ""match_basis"": ""hybrid_rule_and_semantic""}]",2,B.S. Nursing (non-practicing),70,Medium,"[{""region"": ""Ghana"", ""equivalent_role"": ""MIS / Reporting Analyst (banking, telco)""}, {""region"": ""Nigeria"", ""equivalent_role"": ""Insights Analyst (fintech, NGO M&E)""}]","{""country_context"": ""Philippines"", ""sector"": ""Information & Analytics"", ""standardized_role"": ""Data Analyst"", ""wage_floor_proxy_usd_month"": 520.0, ""automation_exposure_score"": 0.55, ""youth_neet_rate_pct"": 12.362, ""internet_penetration_pct"": 67.26300914, ""youth_literacy_rate_pct"": 99.77, ""informal_employment_pct"": NaN, ""youth_unemployment_signal"": ""Philippines youth NEET 12.36% (World Bank API / ILOSTAT LFS, 2023)"", ""sector_growth_signal"": ""Junior analytics demand is growing unevenly through fintech, shared services, and formal employers."", ""digital_readiness_signal"": ""Internet use 67.26% of population (World Bank API / ITU, 2024); device and bandwidth constraints remain uneven by locality"", ""education_quality_signal"": ""Youth literacy 99.77% (World Bank API / UNESCO UIS, 2022); credentials still under-signal practical competencies"", ""informality_signal"": ""Entry analytics pathways are largely formal and degree-filtered."", ""value_type"": ""mixed_real_api_and_benchmark"", ""source_dataset"": ""World Bank API (ILOSTAT LFS / ITU / UNESCO UIS) / Frey-Osborne / ILOSTAT Earnings API"", ""source_url_or_note"": ""NEET 12.362 (2023): https://api.worldbank.org/v2/country/PH/indicator/SL.UEM.NEET.ZS?format=json | Internet 67.26300914 (2024): https://api.worldbank.org/v2/country/PH/indicator/IT.NET.USER.ZS?format=json | Youth literacy 99.77 (2022): https://api.worldbank.org/v2/country/PH/indicator/SE.ADT.1524.LT.ZS?format=json | Automation benchmark: Frey & Osborne (2017) | ILOSTAT min wage 144.910 (Currency: U.S. dollars, 2024) | ILOSTAT occupation earnings 602.207 [Occupation (ISCO-08): 2. Professionals] (Currency: U.S. dollars, 2023) | ILOSTAT min wage 144.910 (Currency: U.S. dollars, 2024) | ILOSTAT occupation earnings 602.207 [Occupation (ISCO-08): 2. Professionals] (Currency: U.S. dollars, 2023)"", ""year"": 2024, ""data_quality_flag"": ""real_country_indicators_plus_direct_ilostat_wages_plus_role_benchmarks"", ""official_country_min_wage_value"": 144.91, ""official_country_min_wage_currency"": ""Currency: U.S. dollars"", ""official_country_min_wage_year"": 2024.0, ""official_country_min_wage_note"": ""Type of minimum wage: Regional (lowest provincial rate in non-agriculture) | Currency: PHL - Philippine peso (PHP) | ILO calculation: Daily figure multiplied by 6 days and 4.33 weeks"", ""official_country_min_wage_source"": ""ADM - Labour legislation"", ""official_country_min_wage_source_url"": ""https://rplumber.ilo.org/data/indicator?id=EAR_INEE_CUR_NB_A&lang=en&type=label&latestyear=TRUE&format=.csv&channel=ilostat"", ""official_occupation_monthly_earnings_value"": 602.207, ""official_occupation_monthly_earnings_currency"": ""Currency: U.S. dollars"", ""official_occupation_monthly_earnings_year"": 2023.0, ""official_occupation_group"": ""Occupation (ISCO-08): 2. Professionals"", ""official_occupation_quality_note"": ""direct_major_group_usd"", ""official_occupation_note"": ""Currency: PHL - Philippine peso (PHP)"", ""official_occupation_source"": ""LFS - Labour Force Survey"", ""official_occupation_source_url"": ""https://rplumber.ilo.org/data/indicator?id=EAR_EMTA_SEX_OCU_CUR_NB_A&lang=en&type=label&latestyear=TRUE&format=.csv&channel=ilostat""}","{""enabled"": true, ""package_installed"": true, ""model_name"": ""sentence-transformers/paraphrase-multilingual-MiniLM-L12-v2"", ""model_loaded"": true, ""load_attempted"": true, ""load_error"": null, ""offline_mode"": false, ""role_threshold"": 0.32, ""fallback_threshold"": 0.24, ""skill_threshold"": 0.36, ""similarity_weight"": 3.5}","Mapped because matched 1 role signal(s) for Data Analyst; detected skill terms: excel, sql; 2/4 core skill(s) present."
Philippines,IT Support cum Reports,GR-OPS-001,Operations Data Coordinator – Entry,"[""Excel"", ""SQL""]","[{""canonical_skill"": ""Process Documentation"", ""semantic_score"": 0.4085, ""example_phrases"": [""order logs"", ""order tracking""]}]","[{""role_id"": ""GR-OPS-001"", ""role_title"": ""Operations Data Coordinator"", ""role_level"": ""Entry"", ""signal_score"": 1, ""semantic_score"": 0.4491, ""hybrid_score"": 2.572, ""match_basis"": ""hybrid_rule_and_semantic""}]",1,B.S. Computer Science,64,Low,"[{""region"": ""Ghana"", ""equivalent_role"": ""Operations clerk / NGO data entry""}, {""region"": ""Nigeria"", ""equivalent_role"": ""OND-track operations clerk / NGO M&E""}]","{""country_context"": ""Philippines"", ""sector"": ""Operations"", ""standardized_role"": ""Operations Data Coordinator"", ""wage_floor_proxy_usd_month"": 400.0, ""automation_exposure_score"": 0.81, ""youth_neet_rate_pct"": 12.362, ""internet_penetration_pct"": 67.26300914, ""youth_literacy_rate_pct"": 99.77, ""informal_employment_pct"": NaN, ""youth_unemployment_signal"": ""Philippines youth NEET 12.36% (World Bank API / ILOSTAT LFS, 2023)"", ""sector_growth_signal"": ""Admin and records support remains concentrated in urban employers and public-facing services."", ""digital_readiness_signal"": ""Internet use 67.26% of population (World Bank API / ITU, 2024); device and bandwidth constraints remain uneven by locality"", ""education_quality_signal"": ""Youth literacy 99.77% (World Bank API / UNESCO UIS, 2022); credentials still under-signal practical competencies"", ""informality_signal"": ""Entry clerical roles are more formal than microenterprise, but screening still excludes informal youth talent."", ""value_type"": ""mixed_real_api_and_benchmark"", ""source_dataset"": ""World Bank API (ILOSTAT LFS / ITU / UNESCO UIS) / Frey-Osborne / ILOSTAT Earnings API"", ""source_url_or_note"": ""NEET 12.362 (2023): https://api.worldbank.org/v2/country/PH/indicator/SL.UEM.NEET.ZS?format=json | Internet 67.26300914 (2024): https://api.worldbank.org/v2/country/PH/indicator/IT.NET.USER.ZS?format=json | Youth literacy 99.77 (2022): https://api.worldbank.org/v2/country/PH/indicator/SE.ADT.1524.LT.ZS?format=json | Automation benchmark: Frey & Osborne (2017) | ILOSTAT min wage 144.910 (Currency: U.S. dollars, 2024) | ILOSTAT occupation earnings 374.203 [Occupation (ISCO-08): 4. Clerical support workers] (Currency: U.S. dollars, 2023) | ILOSTAT min wage 144.910 (Currency: U.S. dollars, 2024) | ILOSTAT occupation earnings 374.203 [Occupation (ISCO-08): 4. Clerical support workers] (Currency: U.S. dollars, 2023)"", ""year"": 2024, ""data_quality_flag"": ""real_country_indicators_plus_direct_ilostat_wages_plus_role_benchmarks"", ""official_country_min_wage_value"": 144.91, ""official_country_min_wage_currency"": ""Currency: U.S. dollars"", ""official_country_min_wage_year"": 2024.0, ""official_country_min_wage_note"": ""Type of minimum wage: Regional (lowest provincial rate in non-agriculture) | Currency: PHL - Philippine peso (PHP) | ILO calculation: Daily figure multiplied by 6 days and 4.33 weeks"", ""official_country_min_wage_source"": ""ADM - Labour legislation"", ""official_country_min_wage_source_url"": ""https://rplumber.ilo.org/data/indicator?id=EAR_INEE_CUR_NB_A&lang=en&type=label&latestyear=TRUE&format=.csv&channel=ilostat"", ""official_occupation_monthly_earnings_value"": 374.203, ""official_occupation_monthly_earnings_currency"": ""Currency: U.S. dollars"", ""official_occupation_monthly_earnings_year"": 2023.0, ""official_occupation_group"": ""Occupation (ISCO-08): 4. Clerical support workers"", ""official_occupation_quality_note"": ""direct_major_group_usd"", ""official_occupation_note"": ""Currency: PHL - Philippine peso (PHP)"", ""official_occupation_source"": ""LFS - Labour Force Survey"", ""official_occupation_source_url"": ""https://rplumber.ilo.org/data/indicator?id=EAR_EMTA_SEX_OCU_CUR_NB_A&lang=en&type=label&latestyear=TRUE&format=.csv&channel=ilostat""}","{""enabled"": true, ""package_installed"": true, ""model_name"": ""sentence-transformers/paraphrase-multilingual-MiniLM-L12-v2"", ""model_loaded"": true, ""load_attempted"": true, ""load_error"": null, ""offline_mode"": false, ""role_threshold"": 0.32, ""fallback_threshold"": 0.24, ""skill_threshold"": 0.36, ""similarity_weight"": 3.5}","Mapped because matched 1 role signal(s) for Operations Data Coordinator; detected skill terms: excel, sql; 1/4 core skill(s) present."
Philippines,E-commerce Operations Analyst,GR-MICRO-001,Microenterprise Operator – Entry,"[""Inventory Tracking"", ""Web Tools"", ""Excel"", ""SQL""]","[{""canonical_skill"": ""Customer Relationship Management"", ""semantic_score"": 0.4186, ""example_phrases"": [""customer follow-up"", ""customer relationship"", ""client scheduling"", ""booking"", ""bookings""]}, {""canonical_skill"": ""Sales"", ""semantic_score"": 0.4133, ""example_phrases"": [""sells"", ""selling"", ""trading"", ""negotiation"", ""buying/selling""]}]","[{""role_id"": ""GR-MICRO-001"", ""role_title"": ""Microenterprise Operator"", ""role_level"": ""Entry"", ""signal_score"": 2, ""semantic_score"": 0.4877, ""hybrid_score"": 3.707, ""match_basis"": ""hybrid_rule_and_semantic""}]",1,B.S. Business Admin,82,Medium,"[{""region"": ""Ghana"", ""equivalent_role"": ""WhatsApp/Instagram trader / market vendor""}, {""region"": ""Nigeria"", ""equivalent_role"": ""Market trader / Instagram vendor / tailor""}]","{""country_context"": ""Philippines"", ""sector"": ""Microenterprise"", ""standardized_role"": ""Microenterprise Operator"", ""wage_floor_proxy_usd_month"": 260.0, ""automation_exposure_score"": 0.1, ""youth_neet_rate_pct"": 12.362, ""internet_penetration_pct"": 67.26300914, ""youth_literacy_rate_pct"": 99.77, ""informal_employment_pct"": NaN, ""youth_unemployment_signal"": ""Philippines youth NEET 12.36% (World Bank API / ILOSTAT LFS, 2023)"", ""sector_growth_signal"": ""Phone-first commerce and small-scale trading remain durable entry pathways for youth."", ""digital_readiness_signal"": ""Internet use 67.26% of population (World Bank API / ITU, 2024); device and bandwidth constraints remain uneven by locality"", ""education_quality_signal"": ""Youth literacy 99.77% (World Bank API / UNESCO UIS, 2022); credentials still under-signal practical competencies"", ""informality_signal"": ""Small-enterprise and own-account work remain heavily informal in this pathway."", ""value_type"": ""mixed_real_api_and_benchmark"", ""source_dataset"": ""World Bank API (ILOSTAT LFS / ITU / UNESCO UIS) / Frey-Osborne / ILOSTAT Earnings API"", ""source_url_or_note"": ""NEET 12.362 (2023): https://api.worldbank.org/v2/country/PH/indicator/SL.UEM.NEET.ZS?format=json | Internet 67.26300914 (2024): https://api.worldbank.org/v2/country/PH/indicator/IT.NET.USER.ZS?format=json | Youth literacy 99.77 (2022): https://api.worldbank.org/v2/country/PH/indicator/SE.ADT.1524.LT.ZS?format=json | Automation benchmark: Frey & Osborne (2017) | ILOSTAT min wage 144.910 (Currency: U.S. dollars, 2024) | ILOSTAT occupation earnings 265.455 [Occupation (ISCO-08): 5. Service and sales workers] (Currency: U.S. dollars, 2023) | ILOSTAT min wage 144.910 (Currency: U.S. dollars, 2024) | ILOSTAT occupation earnings 265.455 [Occupation (ISCO-08): 5. Service and sales workers] (Currency: U.S. dollars, 2023)"", ""year"": 2024, ""data_quality_flag"": ""real_country_indicators_plus_direct_ilostat_wages_plus_role_benchmarks"", ""official_country_min_wage_value"": 144.91, ""official_country_min_wage_currency"": ""Currency: U.S. dollars"", ""official_country_min_wage_year"": 2024.0, ""official_country_min_wage_note"": ""Type of minimum wage: Regional (lowest provincial rate in non-agriculture) | Currency: PHL - Philippine peso (PHP) | ILO calculation: Daily figure multiplied by 6 days and 4.33 weeks"", ""official_country_min_wage_source"": ""ADM - Labour legislation"", ""official_country_min_wage_source_url"": ""https://rplumber.ilo.org/data/indicator?id=EAR_INEE_CUR_NB_A&lang=en&type=label&latestyear=TRUE&format=.csv&channel=ilostat"", ""official_occupation_monthly_earnings_value"": 265.455, ""official_occupation_monthly_earnings_currency"": ""Currency: U.S. dollars"", ""official_occupation_monthly_earnings_year"": 2023.0, ""official_occupation_group"": ""Occupation (ISCO-08): 5. Service and sales workers"", ""official_occupation_quality_note"": ""direct_major_group_usd"", ""official_occupation_note"": ""Currency: PHL - Philippine peso (PHP)"", ""official_occupation_source"": ""LFS - Labour Force Survey"", ""official_occupation_source_url"": ""https://rplumber.ilo.org/data/indicator?id=EAR_EMTA_SEX_OCU_CUR_NB_A&lang=en&type=label&latestyear=TRUE&format=.csv&channel=ilostat""}","{""enabled"": true, ""package_installed"": true, ""model_name"": ""sentence-transformers/paraphrase-multilingual-MiniLM-L12-v2"", ""model_loaded"": true, ""load_attempted"": true, ""load_error"": null, ""offline_mode"": false, ""role_threshold"": 0.32, ""fallback_threshold"": 0.24, ""skill_threshold"": 0.36, ""similarity_weight"": 3.5}","Mapped because matched 2 role signal(s) for Microenterprise Operator; detected skill terms: inventory, shopify, excel, sql; 1/4 core skill(s) present."
